-- phpMyAdmin SQL Dump
-- version 4.9.0.1
-- https://www.phpmyadmin.net/
--
-- Servidor: sql309.infinityfree.com
-- Tiempo de generación: 16-07-2025 a las 18:50:19
-- Versión del servidor: 11.4.7-MariaDB
-- Versión de PHP: 7.2.22

DROP DATABASE IF EXISTS if0_38552842_nitro;
CREATE DATABASE `if0_38552842_nitro`;
USE `if0_38552842_nitro`;


SET SQL_MODE = "NO_AUTO_VALUE_ON_ZERO";
SET AUTOCOMMIT = 0;
START TRANSACTION;
SET time_zone = "+00:00";


/*!40101 SET @OLD_CHARACTER_SET_CLIENT=@@CHARACTER_SET_CLIENT */;
/*!40101 SET @OLD_CHARACTER_SET_RESULTS=@@CHARACTER_SET_RESULTS */;
/*!40101 SET @OLD_COLLATION_CONNECTION=@@COLLATION_CONNECTION */;
/*!40101 SET NAMES utf8mb4 */;

--
-- Base de datos: `if0_38552842_nitro`
--

-- --------------------------------------------------------

--
-- Estructura de tabla para la tabla `guests`
--

CREATE TABLE `guests` (
  `guest_person_id` int(11) NOT NULL,
  `guest_of_person_id` int(11) NOT NULL
) ENGINE=MyISAM DEFAULT CHARSET=latin1 COLLATE=latin1_swedish_ci;

--
-- Volcado de datos para la tabla `guests`
--

INSERT INTO `guests` (`guest_person_id`, `guest_of_person_id`) VALUES
(600, 244),
(603, 453),
(605, 244),
(609, 137),
(610, 332),
(611, 332),
(612, 332),
(613, 137),
(614, 244),
(616, 380),
(618, 159),
(619, 159),
(620, 159),
(621, 159),
(624, 380),
(625, 594),
(627, 295),
(629, 67),
(632, 109),
(633, 449),
(635, 602),
(636, 602),
(638, 537),
(639, 373),
(640, 244),
(641, 67),
(642, 67),
(643, 132),
(644, 132),
(645, 380),
(646, 380),
(647, 380),
(648, 380),
(653, 599),
(654, 173),
(655, 173),
(656, 132);

-- --------------------------------------------------------

--
-- Estructura de tabla para la tabla `payments`
--

CREATE TABLE `payments` (
  `id` char(36) NOT NULL DEFAULT uuid(),
  `registered_person_made_pay_id` int(11) NOT NULL,
  `user_processed_pay_id` int(11) NOT NULL,
  `payment_to_pass_id` int(11) NOT NULL,
  `amount` int(11) NOT NULL,
  `pay_timestamp` timestamp NOT NULL DEFAULT current_timestamp(),
  `creation_order` int(11) NOT NULL
) ENGINE=InnoDB DEFAULT CHARSET=utf8mb4 COLLATE=utf8mb4_general_ci;

--
-- Volcado de datos para la tabla `payments`
--

INSERT INTO `payments` (`id`, `registered_person_made_pay_id`, `user_processed_pay_id`, `payment_to_pass_id`, `amount`, `pay_timestamp`, `creation_order`) VALUES
('004a0978-891d-446d-a1a8-651b51ce8940', 332, 1, 1, 100, '2025-04-07 20:23:01', 87),
('028eb855-f4ff-4e55-a542-96fb35bc4422', 368, 1, 1, 500, '2025-06-16 20:29:42', 175),
('02b93627-c0f3-4334-bd8a-977b2a3f619f', 639, 1, 6, 750, '2025-06-30 18:33:23', 233),
('06eb2c14-0423-414b-b377-140c0aefb5a1', 620, 1, 6, 5, '2025-05-19 20:21:03', 130),
('07969df4-83cd-4566-8d2d-819929f82ad3', 6, 1, 1, 980, '2025-07-05 20:20:22', 283),
('08280610-f972-4c23-85e2-0720e80363c2', 192, 5, 5, 500, '2025-07-16 00:57:01', 302),
('08ec5869-871d-434c-9692-1bd0cf82a1c7', 533, 3, 1, 500, '2025-07-16 05:19:18', 303),
('092a0371-87f2-4ade-a42c-0f4a544169fc', 21, 1, 1, 800, '2025-06-24 20:26:02', 189),
('0a0196fb-8ca3-43ee-9cb9-3a446731d3fe', 258, 3, 1, 200, '2025-03-28 19:12:02', 51),
('0a440665-af3e-4542-88d4-40fb1785fbac', 373, 1, 1, 200, '2025-06-30 18:32:38', 232),
('0aaa877c-083d-4d65-81d1-1b5066b6ee3e', 307, 5, 1, 800, '2025-07-01 02:23:54', 247),
('0ae08f4f-661c-4f62-ba5b-18ca51bb3a8e', 645, 1, 6, 750, '2025-07-01 20:41:26', 269),
('0b7ef09a-7a0b-496e-b671-8c223845f199', 611, 1, 6, 300, '2025-05-14 21:24:21', 118),
('0b89110b-6044-4101-a402-501bbeaa190f', 109, 3, 1, 800, '2025-07-01 06:28:09', 256),
('0bd0d0c2-866c-46a0-b944-074899a49366', 152, 3, 1, 200, '2025-03-26 19:05:15', 27),
('0c822ef0-87cb-4d4e-b314-cde8d29d9819', 137, 1, 1, 800, '2025-06-30 02:31:15', 225),
('0ed2e0d4-e0c3-4f8b-b60b-1abc15d09d9e', 644, 3, 6, 750, '2025-07-01 06:26:37', 255),
('0f5c886a-f53d-49c5-99e2-73607b33df41', 339, 3, 1, 200, '2025-03-28 23:24:44', 63),
('1010018b-ed2a-4bf9-86b7-4b343c0759b2', 599, 1, 1, 200, '2025-03-27 18:25:49', 36),
('10c425d6-9111-4c39-a6a4-e1116f02bdc4', 395, 1, 1, 200, '2025-03-28 21:49:59', 61),
('10f8a036-e64f-4bbd-8503-ed1656af0c04', 120, 5, 1, 1000, '2025-07-16 05:45:01', 305),
('114d78d6-b5e3-4c02-8863-5d35dc8d54a1', 459, 1, 1, 800, '2025-07-01 19:12:34', 264),
('11531a0d-3401-4be7-af25-e32204499450', 594, 3, 1, 200, '2025-03-26 06:45:08', 15),
('128b26a5-a5d3-4cd1-a9af-9fe23d91defb', 123, 1, 1, 980, '2025-07-05 18:56:04', 282),
('12b07b95-9c74-48c0-9f8c-77345a0b16a0', 533, 3, 1, 300, '2025-07-09 02:15:24', 291),
('12b70445-4002-4fda-88b8-c93509d85b19', 632, 1, 6, 650, '2025-07-01 20:04:47', 266),
('149714ed-a1d0-4d48-a502-652efe2c2663', 310, 1, 1, 100, '2025-06-26 20:35:55', 209),
('165a36d3-e617-4ec1-8cfc-d78db215a83d', 605, 1, 6, 5, '2025-05-06 18:39:38', 104),
('169d0c54-41ac-43d3-ba9b-252249f3ebcd', 350, 1, 1, 200, '2025-03-22 00:49:09', 13),
('175bd81c-73e4-4618-beaa-5a3457b933db', 533, 3, 1, 200, '2025-03-28 23:11:31', 62),
('18d34b83-8754-462f-8118-e733d4e2c41e', 594, 1, 1, 800, '2025-06-27 20:49:52', 215),
('1ab6a9b0-1ed6-4938-b9fd-0679d0bf92ea', 348, 3, 1, 200, '2025-03-26 19:06:12', 28),
('1b1007d3-004b-478f-973d-ed6c5aa3a11e', 213, 5, 1, 500, '2025-07-01 06:42:28', 258),
('1b25dbdb-ca46-440f-8170-ad42f6ce4bd3', 121, 5, 1, 250, '2025-05-19 21:54:00', 132),
('1d578e96-69a3-4be1-97a4-5ed2045e66a0', 181, 3, 1, 200, '2025-06-09 22:14:32', 162),
('1e8a79bd-bf50-48a9-a937-cfd4de1d9795', 113, 1, 1, 480, '2025-07-01 06:16:46', 253),
('1ee104e8-66b6-4c6c-a06d-1beec6bd03e0', 596, 3, 1, 200, '2025-03-26 06:48:08', 17),
('1f5da23b-9cae-4037-b590-db3a48479532', 109, 3, 1, 200, '2025-03-21 04:14:58', 4),
('200684c5-7fe6-4d54-b4cd-d6e60816816e', 69, 5, 1, 980, '2025-07-03 21:58:02', 277),
('200ef0ad-c19d-4a91-96b2-abb576508b21', 370, 1, 1, 1000, '2025-06-28 20:27:29', 221),
('22583275-7e4b-489c-bf9d-51a27293fdec', 655, 1, 6, 750, '2025-07-12 22:46:49', 292),
('2258e058-db4a-4184-843e-b0752af35d1e', 157, 3, 1, 200, '2025-03-28 19:09:22', 50),
('240a27d5-2118-42da-a45b-2171ebce4f96', 368, 3, 1, 200, '2025-04-07 20:23:36', 88),
('2462d2d5-cd3f-4c51-b79a-2e64ab1d5a7a', 206, 1, 1, 200, '2025-06-24 20:22:32', 186),
('248912b5-e6f2-467a-8122-30b3ab22688f', 175, 1, 1, 500, '2025-07-01 19:28:06', 265),
('24c3d70e-03d8-4ea3-9abe-40cff94a547e', 20, 1, 1, 200, '2025-04-03 19:50:30', 85),
('27102007-6704-449b-815d-b3c1e4c055d9', 601, 1, 1, 800, '2025-07-07 21:37:43', 285),
('27a62376-2fff-4a1b-aa46-ab3f4bedc3e6', 202, 5, 1, 30, '2025-06-03 18:07:16', 157),
('28fc6505-c9e8-44e8-87b4-2f79b6680e49', 208, 3, 1, 200, '2025-03-26 19:08:40', 30),
('2943cab1-4225-4583-8178-a9f733773da8', 318, 1, 1, 800, '2025-06-26 19:26:16', 208),
('2946d4ab-4623-4ab0-b224-0f0837184672', 194, 1, 1, 200, '2025-03-28 21:49:06', 59),
('2a12230c-0a0f-4e8a-8ab9-645180b5562c', 624, 1, 6, 450, '2025-05-26 19:10:14', 139),
('2a607531-c1f2-4688-addf-e67345673002', 166, 1, 1, 1, '2025-04-28 20:11:57', 97),
('2a6fcb70-86ba-4429-b21f-3e6c8d776642', 449, 1, 1, 800, '2025-06-25 20:06:20', 199),
('2b3d2fd1-3f96-402f-b205-d88431172bec', 190, 1, 1, 4, '2025-03-27 19:23:38', 41),
('2b42b99d-76c3-4ff6-8643-3cdc05934651', 301, 1, 1, 950, '2025-07-01 18:38:37', 262),
('2c02c5df-5a8e-40ce-8303-da6461dde248', 654, 1, 6, 750, '2025-07-12 22:47:06', 293),
('2c206a30-6d37-467e-87a5-9bcfdefdf683', 141, 3, 1, 980, '2025-06-30 05:44:03', 229),
('2d750836-4f58-4422-a700-20636dbcd56f', 537, 3, 1, 500, '2025-06-24 21:19:00', 195),
('2d945367-43ec-4ca2-8ab8-63124b6635f8', 20, 1, 1, 800, '2025-05-22 22:11:08', 135),
('2fd8bc0a-9ebe-4b7f-960f-0267458d497f', 581, 1, 1, 800, '2025-06-24 20:57:03', 190),
('2ffd60de-6e4c-4b89-99ac-1751183352e6', 623, 3, 6, 150, '2025-06-12 19:37:50', 168),
('31c0e6ff-17ab-4f04-8c23-2f10b1af74e1', 616, 1, 6, 550, '2025-05-26 19:09:00', 138),
('32f9564c-dffb-4033-8e2b-c4d7bc0ec0d0', 448, 1, 1, 750, '2025-04-07 20:11:14', 86),
('3367aa0b-9e9e-4307-a848-9f71f922ce98', 580, 1, 1, 1000, '2025-06-28 20:30:12', 222),
('338c6127-56a1-4730-9fa9-67551f2bc8f6', 653, 1, 6, 750, '2025-07-07 22:04:19', 290),
('338da4c4-0cc2-4c00-b20c-4b2e24ecb6a2', 537, 3, 1, 500, '2025-04-01 17:38:24', 80),
('33c4091c-1559-4023-9142-76ce9494bbef', 182, 1, 1, 200, '2025-03-28 21:49:25', 60),
('343455a9-c9e2-42f2-b596-b2cf952b142c', 346, 3, 1, 200, '2025-03-21 23:23:30', 10),
('347953c4-eede-4abf-a653-e8069985d3a7', 432, 3, 1, 200, '2025-03-26 06:48:47', 18),
('354e2fbf-c178-4ccb-b6c8-3f0af29dce4b', 124, 1, 1, 1000, '2025-07-05 18:28:44', 279),
('35c872e1-766f-4040-b2f3-7647ea95f5e1', 651, 1, 5, 500, '2025-07-07 21:47:04', 287),
('36a5c858-fca6-46cb-adca-8a4605fbe8c0', 613, 1, 6, 50, '2025-05-15 00:08:29', 123),
('38810325-6c60-4392-acfa-9828d6b2d24b', 408, 1, 5, 500, '2025-06-30 19:12:50', 235),
('38d1e8d0-36d5-4eb1-a23d-fe7db6579b6f', 380, 1, 1, 800, '2025-05-19 19:10:19', 126),
('3c5eb7ed-d33c-4f13-8e91-cdf3ca91269e', 627, 1, 2, 500, '2025-07-15 22:48:00', 301),
('40ab14e2-1e14-4965-877f-634a5f9e2451', 612, 1, 6, 300, '2025-05-14 21:24:41', 119),
('4291469a-7ce4-4f0a-94d1-f6c575fa110f', 16, 1, 1, 200, '2025-03-26 19:50:56', 32),
('42bdd7b2-112f-484e-bd8e-f6140a342d0a', 393, 3, 1, 200, '2025-03-21 04:15:31', 8),
('467becc0-c2ee-4b82-a04d-ef0dcbb5c7f5', 121, 5, 1, 750, '2025-05-29 19:42:46', 142),
('467cd0e7-1223-48d1-88cb-61f52acc1a9b', 148, 1, 1, 800, '2025-07-05 01:22:26', 278),
('46cbe0a7-ee19-45c2-bd66-28c3578f5136', 228, 1, 1, 800, '2025-06-26 18:22:17', 201),
('46d5baf7-3ccc-40e4-a78e-6307bdded4c9', 165, 1, 1, 800, '2025-07-01 18:41:29', 263),
('475fdca6-705c-4093-85d2-a08e3273e31f', 69, 5, 1, 20, '2025-06-02 20:45:28', 152),
('480637a1-4598-4796-9327-ef78eb82a527', 58, 3, 1, 1000, '2025-07-01 20:40:27', 268),
('4864f229-dbdc-4938-9771-c69387eea880', 206, 1, 1, 500, '2025-05-12 19:35:00', 110),
('48ef1b4f-c5b1-4974-b121-4df2cacefe29', 201, 3, 1, 100, '2025-05-26 18:20:32', 136),
('497e9143-e772-48f3-982a-c2e1d51922e4', 649, 1, 5, 500, '2025-07-02 00:14:42', 274),
('4a595d30-d4d7-4655-9170-fa1de048d5d4', 132, 3, 1, 800, '2025-06-20 21:59:37', 183),
('4c86eb16-7ab4-44fc-acfc-5e7a4a8dee30', 421, 1, 1, 500, '2025-03-31 17:06:49', 65),
('4cca12aa-a4a5-45c2-a49f-2c0793ff8433', 181, 3, 1, 200, '2025-03-21 04:16:01', 9),
('4d0ba3a6-fe49-4eb8-b799-98955c56c481', 631, 1, 6, 650, '2025-06-30 20:28:52', 240),
('4dbd9e00-d757-4c37-8004-3a769b45da73', 219, 1, 1, 200, '2025-03-28 21:44:17', 52),
('4e34b98f-cc71-4585-b1e4-339de4bf2aed', 528, 1, 1, 800, '2025-07-01 06:52:02', 260),
('4ee82c39-7e43-4c80-8c73-291eb767eacd', 258, 3, 1, 200, '2025-06-19 23:12:40', 181),
('4f387bbe-3884-4c0f-a8cf-277332d9a025', 458, 5, 1, 800, '2025-06-24 22:24:20', 198),
('505194c0-68ed-4423-9cf7-c740806f39f3', 310, 3, 1, 600, '2025-06-09 18:09:11', 161),
('50c292f2-e0d9-4e8e-9cd7-c4de89f671b4', 5, 5, 1, 5, '2025-06-02 23:39:38', 155),
('52e5ab08-c39a-429e-bfac-3f294b635e59', 419, 1, 1, 500, '2025-03-27 19:21:51', 38),
('545c4104-4a78-451d-b83b-d48f36639a1f', 137, 1, 1, 200, '2025-03-27 19:27:20', 44),
('557adf49-c883-493d-9d12-fa869dfa5e44', 173, 1, 1, 999, '2025-07-05 18:54:19', 280),
('56505686-2bae-4f00-b3c6-bf3f5a784940', 181, 3, 1, 600, '2025-07-14 07:00:15', 296),
('569ce705-38d0-4178-9bf9-b10e25da628d', 409, 3, 1, 200, '2025-03-31 18:04:06', 67),
('575f8944-508f-4448-b093-661545c26616', 163, 1, 1, 50, '2025-05-14 20:39:19', 114),
('577f63ff-a400-4a5b-939d-f9d0bd32de3f', 228, 3, 1, 200, '2025-03-31 18:07:26', 70),
('583bb18e-60b6-420a-a56e-c260e85690de', 640, 1, 6, 750, '2025-06-30 19:43:44', 236),
('5a453e1d-4fb7-4b0f-9cd6-4cc2837c18cd', 631, 3, 6, 100, '2025-06-24 21:18:32', 194),
('5b813caf-24f1-4ddd-aed8-67e675446f69', 100, 3, 1, 200, '2025-03-26 19:04:34', 25),
('5cb15897-5ad6-4024-8d8c-40376297fcb2', 113, 1, 1, 500, '2025-06-16 19:53:02', 170),
('5f4be633-343d-45a5-a928-dfe413b4c523', 613, 1, 6, 100, '2025-06-06 23:40:04', 160),
('5f85516d-e27c-4b91-802d-073439d5e4af', 295, 1, 1, 100, '2025-05-30 23:42:28', 144),
('5fe1a1c2-b0e8-4bfd-8cf6-e724599f4488', 208, 1, 1, 800, '2025-06-30 21:02:39', 243),
('610ecb69-6004-4012-8cbd-25037f291582', 408, 1, 1, 100, '2025-04-28 19:57:15', 93),
('62603ad6-8cd8-4b0b-adf7-91c6ec12cfb8', 381, 5, 1, 100, '2025-06-02 18:56:11', 148),
('62d6bfaf-52c8-4b34-be7f-8bf641c8e2df', 159, 1, 1, 200, '2025-03-22 00:23:01', 12),
('633ba787-1cef-42f7-8936-e7ba7c2e4add', 182, 1, 1, 800, '2025-06-27 21:04:43', 220),
('635b9f2b-da24-4bbf-9fef-e898d9d102d8', 626, 1, 1, 3, '2025-05-26 23:12:05', 141),
('64c13677-20e0-4a83-b9c7-12e7d4b05168', 213, 5, 1, 480, '2025-07-01 06:42:13', 257),
('64de973f-f359-4e4f-8852-7467d562f386', 625, 1, 6, 650, '2025-06-27 20:51:05', 216),
('6627cd62-803b-4e8f-9330-595d3b5131f6', 155, 1, 1, 800, '2025-06-27 19:24:45', 213),
('68e7aa54-57b7-482d-a8d2-8e22ff46e0e5', 656, 6, 6, 750, '2025-07-14 02:59:04', 294),
('68ec8676-ce0b-458e-924d-9f272ba8c627', 623, 3, 6, 100, '2025-05-26 18:23:17', 137),
('690c6e43-8a6b-42b5-aa2b-b1b98c0cb09a', 212, 3, 1, 200, '2025-04-01 17:37:47', 79),
('6b26cbb0-a7c5-49d5-b411-55cd3f9211d1', 68, 3, 1, 200, '2025-04-01 20:17:04', 82),
('6b36131f-ffe1-4934-81ba-0b8f47d1a63d', 599, 1, 1, 500, '2025-06-16 19:56:15', 173),
('6e7c7c1b-71b0-48cb-be68-dd6a20f4ec42', 258, 3, 1, 200, '2025-03-21 04:14:20', 3),
('6f0caf90-c840-4985-b47a-44df1598b4df', 314, 3, 1, 200, '2025-03-21 04:15:16', 7),
('71e7ad60-667a-48b6-b45d-3d9c3c673b2d', 320, 5, 1, 100, '2025-06-02 18:56:39', 149),
('726f1004-dc29-41f9-8438-1cf3227dd710', 155, 1, 1, 200, '2025-03-28 21:46:41', 55),
('74a468ae-f571-4b73-81a4-0e8a20ba137e', 528, 3, 1, 200, '2025-03-26 19:03:04', 22),
('755b3789-19fd-4601-8528-4ad2c299df12', 199, 5, 1, 10, '2025-05-12 18:43:44', 108),
('75a46a52-25c1-4d98-af0b-f5faac6ee231', 436, 6, 1, 1000, '2025-07-01 04:31:44', 249),
('76806fed-ff63-4019-977c-3d445d39c2d2', 635, 1, 6, 750, '2025-06-26 18:23:18', 203),
('76a1515f-bfbd-4318-84fc-0fcbcb98c0e9', 191, 1, 1, 100, '2025-03-31 22:15:10', 76),
('77fb5fb9-5a68-41b6-93bd-3f12b58b9aaf', 329, 3, 1, 200, '2025-03-28 23:27:34', 64),
('78a37ef0-0e74-4c96-8383-911badcf3f92', 625, 1, 6, 100, '2025-05-26 22:58:15', 140),
('7a24d913-3cc7-43ba-8301-12957a3d9291', 21, 1, 1, 200, '2025-03-31 20:24:50', 73),
('7b2eb964-12cc-4171-9aa7-09eaa4e27592', 380, 3, 1, 200, '2025-03-26 19:01:49', 20),
('7bfbe215-c14d-4e99-aa8d-70b971e4df6d', 163, 7, 1, 0, '2025-07-15 05:22:00', 298),
('7cff3932-410e-406d-af8a-7277dab23780', 82, 3, 1, 200, '2025-04-02 18:39:12', 83),
('7dd075b8-6d98-4664-8148-8bb53b79ea1b', 132, 1, 1, 200, '2025-03-28 21:44:50', 53),
('7e0d00fb-83fe-4187-85fd-873651a1dba9', 609, 1, 6, 200, '2025-05-13 21:39:15', 113),
('7f6c9b05-c10f-460c-a755-5b6fb42dd2e0', 173, 1, 1, 1, '2025-04-28 20:11:35', 96),
('817b91a7-d294-4c08-b6cb-c5ffa3ba9eeb', 175, 1, 1, 500, '2025-06-26 18:36:07', 204),
('81b21412-cad2-442f-972d-fe7a20732284', 455, 3, 1, 200, '2025-03-21 04:14:39', 6),
('8374b471-b8e9-49a5-a880-d553f01e1de8', 648, 1, 6, 750, '2025-07-01 20:43:19', 272),
('846e79e5-0684-4076-89da-a11306e9fe41', 199, 5, 1, 990, '2025-06-13 01:09:29', 169),
('8596f487-70ff-432e-88b6-7b50c08761d2', 632, 3, 6, 100, '2025-06-24 21:21:26', 196),
('85c49637-9b1d-4075-9b32-07a9660163ce', 584, 4, 1, 50, '2025-03-27 20:02:42', 46),
('86b6e5fd-725a-44d5-affc-fe25472b5757', 141, 5, 1, 20, '2025-06-02 16:26:44', 146),
('87d4a3da-1d28-4581-99fa-36ff39a41868', 71, 5, 1, 5, '2025-06-02 23:40:25', 156),
('87fe2c56-42fd-43f8-bf9a-4d583a5a0164', 340, 1, 1, 100, '2025-06-16 20:31:37', 177),
('883cff9a-eacb-41c1-acf5-a3ecdd167da3', 657, 3, 6, 750, '2025-07-14 06:59:29', 295),
('890d71d3-30f1-47a9-a9a3-a4704bb4950b', 395, 1, 1, 800, '2025-06-20 18:39:07', 182),
('894b2ea3-9f43-4166-b9ae-02ac06bef509', 6, 1, 1, 10, '2025-06-16 20:31:03', 176),
('89e52bc7-86c2-4a3b-8fb8-1fdff0e273f1', 348, 1, 1, 100, '2025-05-14 20:40:16', 115),
('8b019dc8-9d8b-4eb9-b27c-45524d5a5f9c', 624, 1, 6, 300, '2025-07-01 20:35:30', 267),
('8ce5c981-2c1a-43e3-96ee-9ad9909d9409', 207, 3, 1, 200, '2025-03-26 19:04:59', 26),
('8d991408-72e8-4ca6-a2b8-47b4ea8bee8f', 650, 1, 7, 500, '2025-07-07 21:46:41', 286),
('8ff4824e-9c42-4245-b9b9-5b228d77919f', 329, 1, 1, 800, '2025-06-26 21:37:04', 210),
('904b7236-4d78-4152-b2b1-bcd6983667e6', 6, 1, 1, 10, '2025-06-18 19:54:33', 178),
('92d40cdd-74a2-4236-a70d-1ce360ec8901', 332, 1, 1, 300, '2025-05-14 21:22:42', 116),
('943d22ec-2b40-42c8-a9a1-3c2497744e48', 606, 1, 6, 20, '2025-05-13 16:58:38', 112),
('9563c304-9585-4329-b585-396b1abbac28', 220, 1, 1, 10, '2025-03-27 19:23:04', 40),
('977f07ec-d423-4a34-8922-c943f68867e2', 638, 5, 6, 750, '2025-06-29 06:24:07', 223),
('9787ba7c-03e2-412a-a14a-009702de8e54', 343, 1, 1, 300, '2025-06-24 20:21:48', 185),
('97a781d3-49d5-4d0f-8d4a-db57a68f4865', 534, 1, 1, 10, '2025-05-07 20:07:43', 105),
('98001373-e803-47b9-a305-f23d1946b169', 448, 1, 1, 200, '2025-03-28 18:02:27', 49),
('98ca4c24-0eb8-4816-9cd9-3a7d3233bc3b', 303, 1, 1, 5, '2025-03-27 19:24:04', 42),
('993a0db4-6ef1-4d2a-8f67-7d49b9b25f9c', 630, 1, 6, 750, '2025-06-24 20:25:22', 188),
('99cd3239-7cbe-4632-9803-7e422b31ddee', 581, 1, 1, 200, '2025-04-02 19:55:07', 84),
('9a1f0a83-63eb-4d6f-8063-0d8bf353d771', 204, 1, 1, 1, '2025-04-28 20:10:01', 94),
('9a65200f-593d-4bc6-9c34-544fafec4102', 310, 3, 1, 300, '2025-03-31 18:04:48', 69),
('9bb7ab13-5e77-4bdb-8da5-f1c167beb7ce', 67, 1, 1, 300, '2025-06-06 20:21:49', 159),
('9bedd74b-1c1e-4749-983b-c9c4008f5684', 652, 1, 5, 500, '2025-07-07 21:47:20', 288),
('9c22251d-302a-45dc-8067-ff6d5b92b5cb', 163, 7, 1, 950, '2025-07-15 05:21:32', 297),
('9c825278-9680-4115-8c3b-1c81e0b76b3b', 152, 1, 1, 800, '2025-06-27 20:31:24', 214),
('9f2fe819-d4c7-4e86-ae58-11286a897c83', 307, 1, 1, 200, '2025-03-28 21:48:39', 58),
('a266cf80-e5c7-4064-ad4c-87614e7ba9fe', 131, 1, 1, 50, '2025-03-27 21:17:12', 47),
('a273f6c8-ef0b-42ca-871f-e34689adacd9', 316, 1, 1, 950, '2025-07-07 21:29:22', 284),
('a3dbe0d4-038f-4591-81a2-63c83360eab4', 19, 5, 1, 100, '2025-06-02 20:44:40', 151),
('a431bb80-e307-490d-9559-dc137778c6a5', 618, 1, 6, 700, '2025-05-19 20:20:08', 128),
('a46682a6-398c-4464-a3d7-c94d9ad9e134', 397, 5, 1, 20, '2025-06-02 21:16:06', 154),
('a57ce430-8bca-42ce-8e11-33801b88b015', 123, 1, 1, 20, '2025-04-29 18:23:12', 99),
('a6ae7e85-618e-413c-81ee-cf63708e9b6b', 563, 5, 1, 20, '2025-06-02 20:46:37', 153),
('a81eefeb-1c7f-41dd-9e52-7c18f580ab60', 207, 5, 1, 800, '2025-07-01 01:23:21', 245),
('a8d5ce0b-4859-4c1a-83f3-1a91b4970281', 432, 1, 1, 800, '2025-06-09 23:26:27', 163),
('a99e6121-bd7c-4b61-adde-ed9bcbd74070', 609, 1, 6, 400, '2025-06-18 21:57:27', 179),
('aa15d2c5-7201-41fd-bb0d-8769b4ae00ff', 113, 1, 1, 20, '2025-04-29 18:22:49', 98),
('aaf7b6ab-0bed-4cae-b8b9-bf43aaea525a', 355, 1, 1, 1000, '2025-07-05 18:55:22', 281),
('ab43c92e-7f33-46e0-8e66-8c5a46d94516', 258, 1, 1, 100, '2025-06-30 20:03:27', 238),
('ab937960-03c0-4c85-82cd-14b1b49253f2', 641, 1, 6, 750, '2025-07-01 06:10:56', 251),
('aba1debf-1238-49ba-a2ea-969c2d647630', 359, 3, 1, 200, '2025-03-26 19:07:27', 29),
('acd6b45c-026a-43c9-a1fe-f91b7531f1a1', 606, 1, 6, 50, '2025-05-12 21:24:42', 111),
('acfeb9a2-3f01-450a-a01e-d1d629f3ac1a', 127, 3, 1, 200, '2025-03-31 18:53:18', 71),
('ae7c517b-e965-4929-ba76-783aba0457d6', 459, 3, 1, 200, '2025-03-26 19:02:36', 21),
('aeb2bdcb-eeed-4e35-8a0d-21945d423852', 289, 3, 1, 200, '2025-06-02 17:04:20', 147),
('b191c42a-b339-43a9-8f19-3630086b5d81', 245, 1, 1, 5, '2025-03-27 19:24:25', 43),
('b28a61e4-5808-4133-80ae-bffc6498d4c2', 343, 3, 1, 200, '2025-04-10 21:08:16', 89),
('b2d50913-e2ae-472f-bc2d-faea45cdc0e9', 627, 1, 6, 100, '2025-05-30 23:42:13', 143),
('b3911221-a841-458a-9ee4-27ea98dc15b9', 615, 3, 1, 200, '2025-05-14 23:54:10', 122),
('b3a47d41-fb6b-404e-8692-f8e78ee6b587', 455, 3, 1, 800, '2025-06-24 21:17:48', 193),
('b422b793-83da-4f8c-b510-a3e17ff811bf', 523, 1, 1, 1000, '2025-03-31 22:09:30', 74),
('b479e5de-df29-4d84-8623-8541db20dce6', 629, 1, 6, 500, '2025-06-16 19:55:12', 172),
('b48bd5c2-11e4-43a7-8347-c7d24667e81e', 614, 1, 6, 50, '2025-05-14 23:42:07', 121),
('b5b4c465-6abd-42f9-8117-0d8701edfb83', 613, 1, 6, 50, '2025-05-14 23:37:02', 120),
('b672313c-268e-486e-ac3c-502e5fa11f93', 190, 1, 1, 5, '2025-05-06 18:34:20', 103),
('b9f21b30-9cb4-4a0a-9c76-d9d40d5e42c4', 212, 1, 1, 800, '2025-06-30 20:53:33', 242),
('ba305f5f-09b6-41b5-9826-daa8e1070d64', 449, 3, 1, 200, '2025-03-26 06:46:36', 16),
('bb198a0f-ba18-48de-b7f4-b15c15e9885e', 475, 3, 1, 500, '2025-07-16 05:22:53', 304),
('bb3bba01-7d00-40b3-a388-e76c00c9c822', 168, 5, 1, 900, '2025-07-01 02:19:54', 246),
('bb88c10b-9139-4273-9507-ae62691be0a8', 389, 3, 1, 200, '2025-03-31 18:04:28', 68),
('bd7afe7b-848c-4ba3-a917-8bf1b5649d46', 318, 3, 1, 200, '2025-03-21 23:23:52', 11),
('bd89046e-ce9d-44b5-8941-aa8c0200ec86', 53, 1, 1, 3, '2025-03-31 22:10:17', 75),
('bddf060b-33e8-4509-a7b8-76ed45291fc7', 85, 1, 1, 500, '2025-03-19 23:38:28', 1),
('bdecb374-febb-4371-b4b5-304bc1a6988e', 166, 1, 1, 999, '2025-06-30 18:51:08', 234),
('bf0897f4-4a7f-4423-9206-b77ad72dad10', 346, 1, 1, 800, '2025-06-30 20:01:41', 237),
('bfbff461-2ea6-4f18-9e56-a69633becda9', 633, 1, 6, 750, '2025-06-25 20:06:56', 200),
('c03f48f5-c53d-426d-a4d5-9da033b0eb43', 609, 1, 6, 150, '2025-06-30 02:31:45', 226),
('c0f056a1-b4be-4d9f-ba31-788aab286fff', 453, 1, 1, 200, '2025-04-15 01:57:38', 92),
('c2b1169d-27ca-4ebf-9765-2273bdec1613', 600, 1, 6, 200, '2025-04-01 02:39:55', 78),
('c3211556-d94e-4f17-93ae-1a7028769a1d', 40, 1, 5, 500, '2025-07-02 00:13:56', 273),
('c395b6d8-c88f-457f-b2c3-4e3dce0f7256', 421, 1, 1, 500, '2025-03-26 08:11:12', 19),
('c39e5cb2-c797-4717-9f58-2b5230a87ac6', 378, 1, 1, 800, '2025-07-07 21:59:46', 289),
('c3d9c00f-6acd-4409-adb8-83a9f2f74421', 348, 1, 1, 700, '2025-06-23 19:08:14', 184),
('c50b8fd8-5342-4405-a194-e213331eadfb', 165, 1, 1, 200, '2025-03-28 21:47:34', 57),
('c6b2ddd8-089a-4cc4-8bd4-8cd8fce0f55c', 623, 3, 6, 200, '2025-06-10 20:22:27', 164),
('c7b22680-09fd-4f95-b087-2626171a9054', 613, 1, 6, 550, '2025-06-30 20:37:10', 241),
('c82b2359-7d4e-496f-aeb7-5c10621b09fa', 163, 7, 1, 0, '2025-07-15 10:04:46', 299),
('c87dd0dd-9195-41cc-bbf0-e55777afe0ac', 154, 5, 1, 1000, '2025-07-03 06:15:03', 275),
('c8860212-2931-49cb-be14-9d89b7992add', 642, 1, 6, 750, '2025-07-01 06:11:46', 252),
('c9cc51f3-b261-4441-a282-9158e8ab33b9', 636, 1, 6, 750, '2025-06-26 18:23:01', 202),
('c9d60c79-3ad1-41e6-b870-c025c8cae2be', 333, 3, 1, 200, '2025-03-26 19:04:13', 24),
('ca08bc6b-bfbe-41f9-92fa-0505b451b90e', 341, 3, 1, 200, '2025-04-01 18:17:44', 81),
('cae1075b-8b8d-49f6-91bf-517b7ebe16ed', 489, 1, 1, 200, '2025-03-28 21:47:15', 56),
('cb0ca590-cdd7-42ca-9175-738654c1ba83', 143, 1, 1, 200, '2025-03-27 18:07:13', 35),
('cb197fca-8fe8-4147-8d99-d614af35c1a0', 409, 3, 1, 800, '2025-06-24 21:06:06', 191),
('cd7bdb19-d060-404c-96e3-79854c0ff15a', 629, 1, 6, 250, '2025-07-01 06:07:40', 250),
('cdc63e1b-10d4-4dbf-8dda-27e730a2c7cb', 373, 1, 1, 800, '2025-06-24 21:44:41', 197),
('ced94396-63f2-4b90-a95f-435f9d8f9050', 603, 1, 6, 200, '2025-04-15 01:57:13', 91),
('ceea7ba8-0200-4181-8b6b-5ccbe8273c07', 316, 1, 1, 50, '2025-05-07 20:31:01', 106),
('d001bf32-9598-430a-abf4-bb7ad511dc00', 643, 3, 6, 750, '2025-07-01 06:25:33', 254),
('d11378a3-3e1f-4343-9a6a-1935a1ce46f3', 400, 1, 1, 5, '2025-04-28 20:10:30', 95),
('d125dd64-6357-4471-a3e8-66043eba62f0', 19, 5, 1, 900, '2025-07-01 06:42:58', 259),
('d1c5b5bb-0566-4a4f-8d6a-d0f672dd9d16', 489, 1, 1, 800, '2025-06-27 20:59:16', 218),
('d1db41e0-e1a5-440c-acdf-a69043ff8823', 368, 1, 1, 300, '2025-06-24 20:23:51', 187),
('d20080f5-e28f-4b09-949e-cd328c215802', 341, 1, 1, 800, '2025-06-26 18:47:00', 205),
('d4456a9d-572f-4186-9e81-bad7412a412f', 143, 1, 1, 800, '2025-04-29 22:00:42', 100),
('d50e57db-f98e-4de6-8b02-42e2923f94b5', 67, 1, 1, 500, '2025-06-16 19:53:43', 171),
('d5af0682-d79a-4794-8860-5adc05aa88df', 82, 5, 1, 800, '2025-06-29 06:29:11', 224),
('d7b8494b-664e-45cf-856f-0e62589de306', 289, 3, 1, 200, '2025-03-21 04:13:25', 2),
('d973c8fc-42f5-4bcc-b7a9-2ec691e42829', 314, 3, 1, 400, '2025-06-24 21:16:56', 192),
('d98e4d76-1c12-410b-8962-6e801f8abfe7', 201, 3, 1, 200, '2025-03-21 04:14:00', 5),
('da53a8a8-e4b9-4eaf-8b58-a868a40dff58', 258, 3, 1, 300, '2025-06-19 23:06:35', 180),
('da7d03b6-2183-4045-aa85-f6e3dec8065c', 621, 1, 6, 5, '2025-05-19 20:21:20', 131),
('db4a43ff-9346-4f11-a0b7-00547d2d013d', 393, 3, 1, 800, '2025-06-30 05:50:11', 231),
('db6475d6-ee33-4c87-8093-9be76544b23d', 67, 1, 1, 200, '2025-03-27 19:21:26', 37),
('db9be2b8-0c15-4fb5-9b77-8b74b43d90c8', 339, 3, 1, 800, '2025-07-01 17:57:25', 261),
('dc068b56-877e-46f0-88b9-dc2b57561025', 359, 3, 1, 800, '2025-07-03 06:27:43', 276),
('dc0709d9-43b5-4d58-b682-ec9e2865c2cf', 167, 1, 1, 1000, '2025-06-30 22:18:48', 244),
('dd429575-306e-40b4-a16a-24323eed1b6a', 159, 1, 1, 800, '2025-05-19 20:12:54', 127),
('dddb9ccf-747c-454c-ba98-ed957a9a5482', 295, 1, 1, 900, '2025-07-15 22:47:39', 300),
('de29237e-061f-466e-86c3-8868e20ffc2e', 340, 1, 1, 900, '2025-06-26 18:56:39', 206),
('dec458ef-b0ce-43c2-a86c-2e0a900d2767', 148, 1, 1, 200, '2025-03-31 20:13:39', 72),
('ded6d5d6-b847-4dc0-9a5a-bf77208e9240', 378, 1, 1, 200, '2025-03-26 20:31:38', 34),
('df4d03fe-156b-4fd7-a733-666cd2541e56', 599, 1, 1, 300, '2025-06-16 19:57:08', 174),
('e0648bca-bb42-4b1e-b2a1-6021d23930e4', 616, 1, 6, 200, '2025-05-19 19:10:02', 125),
('e1ba501c-b851-43a3-ba94-47fdadb55db2', 610, 1, 6, 300, '2025-05-14 21:23:29', 117),
('e2031919-ec40-4367-a39b-3cc7c3c4ddff', 301, 1, 1, 50, '2025-05-07 20:31:28', 107),
('e3ed9e9b-9492-4889-891e-e0931f6cebbb', 628, 1, 1, 500, '2025-05-30 23:48:31', 145),
('e40f3de0-957a-4c6e-a0bf-d9c2a37b4acf', 194, 1, 1, 800, '2025-06-27 21:04:12', 219),
('e9d8b340-cc89-46da-87af-36f75c5bdc96', 289, 3, 1, 200, '2025-05-19 17:37:35', 124),
('ea4b0e5e-5d9b-4e93-91a3-431b21415e62', 206, 1, 1, 100, '2025-06-26 19:06:37', 207),
('ea54ba85-3fa9-4801-8ce0-bb1cab7fa8b7', 80, 1, 1, 50, '2025-03-22 03:27:06', 14),
('eab7eb24-33a1-4660-b2ee-ea6d34847324', 606, 1, 6, 0, '2025-06-28 00:01:34', 212),
('eabd31d8-7b38-4956-8d9a-30dbb457f38a', 623, 3, 6, 300, '2025-06-12 19:37:13', 167),
('ebf85db6-b026-465d-9cf6-596deeaf05b1', 201, 3, 1, 700, '2025-06-12 19:36:35', 166),
('ec525794-6104-4d2c-83ff-067360d8d545', 381, 5, 1, 900, '2025-07-01 04:02:29', 248),
('ed3bb057-7feb-4351-ba0a-60aba53644ca', 619, 1, 6, 5, '2025-05-19 20:20:49', 129),
('ef186f60-e7fd-4859-af09-a5f6f84abb1e', 289, 3, 1, 400, '2025-06-06 19:54:16', 158),
('f16f06b7-8423-4a38-9b68-7f8e56e5cab5', 647, 1, 6, 750, '2025-07-01 20:42:49', 271),
('f1d1259a-d4dc-4b68-8c36-d4133b6114cb', 52, 1, 1, 200, '2025-03-26 19:50:19', 31),
('f1f42e96-d3fb-4f68-9abf-a80e0fe34022', 628, 3, 1, 500, '2025-06-30 05:43:00', 228),
('f1fb9654-2b27-49e3-86f1-21d5003e78a5', 530, 1, 1, 5, '2025-03-31 22:16:03', 77),
('f54cf6de-27f7-4c79-8e8f-7afe28553075', 213, 5, 1, 20, '2025-05-12 18:45:55', 109),
('f6294582-4be2-4240-9606-dc1aac9f51b7', 600, 1, 6, 550, '2025-06-30 20:06:54', 239),
('f6facbd2-f56b-4978-b117-c450a4e11575', 458, 1, 1, 200, '2025-03-28 21:45:49', 54),
('f744aa80-a024-4adf-9178-89ee2f22f34b', 601, 4, 1, 200, '2025-03-27 19:49:53', 45),
('f80b41a6-4c08-49e8-bfd4-892766cc2392', 219, 1, 1, 800, '2025-06-27 20:58:04', 217),
('f9f99c3e-a1c2-45ed-90e1-49598309d10d', 286, 1, 1, 200, '2025-03-26 20:14:48', 33),
('fa2141e8-67b4-4dfd-af06-2247f8131a63', 168, 1, 1, 100, '2025-06-02 20:40:00', 150),
('fad0f4e8-8a7e-4e35-bf29-beb4a8a9e945', 343, 1, 1, 500, '2025-06-30 03:22:04', 227),
('faf86826-a10f-4772-8449-2af0f4177ee2', 206, 3, 1, 200, '2025-04-11 19:45:23', 90),
('fc599756-e79e-4072-bcbe-dd8dc5b584bd', 314, 3, 1, 400, '2025-06-10 20:23:15', 165),
('fd6850e4-0b51-4293-9836-b329541ebe31', 85, 1, 1, 500, '2025-03-28 18:01:47', 48),
('fd994697-b43f-42cd-8aea-e2b3ea08d9e2', 321, 3, 1, 200, '2025-03-26 19:03:53', 23),
('fe08159e-8db2-4bdd-849f-c500cc2a29c1', 448, 1, 1, 50, '2025-03-27 19:22:19', 39),
('fe6337ca-aab6-4e33-8ad3-2d475f875e23', 646, 1, 6, 750, '2025-07-01 20:42:04', 270),
('ff5b5fd9-fd0f-4667-811e-6cfa26049f49', 419, 1, 1, 500, '2025-03-31 17:07:29', 66),
('ffe66f3f-7963-482f-8466-7908e8f134e2', 202, 3, 1, 970, '2025-06-30 05:44:42', 230);

-- --------------------------------------------------------

--
-- Estructura de tabla para la tabla `person_types`
--

CREATE TABLE `person_types` (
  `id` int(11) NOT NULL,
  `name` varchar(256) NOT NULL,
  `description` varchar(256) NOT NULL
) ENGINE=InnoDB DEFAULT CHARSET=utf8mb3 COLLATE=utf8mb3_general_ci;

--
-- Volcado de datos para la tabla `person_types`
--

INSERT INTO `person_types` (`id`, `name`, `description`) VALUES
(1, 'PASE DE GRADUADO VIP', 'Estudiantes de la generación 2022-2025, aquellos de quienes es la fiesta de graduación.'),
(2, 'PASE DOCENTE VIP', 'Incluye todos los beneficios de la fiesta con un descuento especial a los docentes.'),
(3, 'STAFF (CORTESIA)', 'Pase de cortesia con el más alto nivel otorgado únicamente al staff.'),
(4, 'INVITADO ESPECIAL (CORTESIA)', 'Pase de cortesía para invitados externos.'),
(5, 'PASE PLATINO', 'Incluye los beneficios para el disfrute de la fiesta, más accesible.'),
(6, 'PASE INVITADO VIP (INVITADO DEL GRADUADO)', 'Invitado de un estudiante de la generación que festeja la fiesta de graduación, bajo un descuento.'),
(7, 'CORTESIA 50% VIP', 'Paga solo el 50% incluyendo todos los beneficios VIP.');

-- --------------------------------------------------------

--
-- Estructura de tabla para la tabla `prices`
--

CREATE TABLE `prices` (
  `person_type_id` int(11) NOT NULL,
  `price` int(11) NOT NULL
) ENGINE=InnoDB DEFAULT CHARSET=utf8mb4 COLLATE=utf8mb4_general_ci;

--
-- Volcado de datos para la tabla `prices`
--

INSERT INTO `prices` (`person_type_id`, `price`) VALUES
(1, 1000),
(2, 500),
(3, 0),
(4, 0),
(5, 500),
(6, 750);

-- --------------------------------------------------------

--
-- Estructura de tabla para la tabla `registered_generation_people`
--

CREATE TABLE `registered_generation_people` (
  `id` int(11) NOT NULL,
  `no_control` varchar(14) DEFAULT NULL,
  `fullname` varchar(256) NOT NULL,
  `person_type_id` int(11) NOT NULL,
  `is_a_student` tinyint(1) NOT NULL DEFAULT 1,
  `phonenumber` varchar(32) DEFAULT NULL,
  `creationtime` datetime NOT NULL DEFAULT current_timestamp()
) ENGINE=InnoDB DEFAULT CHARSET=utf8mb3 COLLATE=utf8mb3_general_ci;

--
-- Volcado de datos para la tabla `registered_generation_people`
--

INSERT INTO `registered_generation_people` (`id`, `no_control`, `fullname`, `person_type_id`, `is_a_student`, `phonenumber`, `creationtime`) VALUES
(1, '22316050520001', 'ARRAÑAGA CASTAÑEDA OWEN ALEXANDER', 1, 1, NULL, '2025-03-19 11:17:00'),
(2, '22316050520002', 'ARAIZA LIRA KEILYN ALEXA', 1, 1, NULL, '2025-03-19 11:17:00'),
(3, '22316050520003', 'AYALA ZARATE STEPHANIE', 1, 1, NULL, '2025-03-19 11:17:00'),
(4, '22316050520004', 'ARREOLA INOCENCIO GABRIEL', 1, 1, NULL, '2025-03-19 11:17:00'),
(5, '22316050520005', 'ARRANCIBIA LARA KEVIN GERARDO', 1, 1, NULL, '2025-03-19 11:17:00'),
(6, '22316050520006', 'ALVAREZ LARA SANTIAGO', 1, 1, NULL, '2025-03-19 11:17:00'),
(7, '22316050520007', 'ANDRADE VAZQUEZ VANIA MICHEL', 1, 1, NULL, '2025-03-19 11:17:00'),
(8, '22316050520008', 'AVILA GONZALEZ LUCERO', 1, 1, NULL, '2025-03-19 11:17:00'),
(9, '22316050520009', 'ALVAREZ ZUNO SALVADOR', 1, 1, NULL, '2025-03-19 11:17:00'),
(10, '22316050520010', 'AGUILAR ESPINOZA LIZBETH', 1, 1, NULL, '2025-03-19 11:17:00'),
(11, '22316050520011', 'AVIÑA MENDEZ MAYTE', 1, 1, NULL, '2025-03-19 11:17:00'),
(12, '22316050520012', 'AGUILERA ESPINOSA AMY ZOE', 1, 1, NULL, '2025-03-19 11:17:00'),
(13, '22316050520013', 'AGUILAR MELCHOR ANA PAOLA', 1, 1, NULL, '2025-03-19 11:17:00'),
(14, '22316050520014', 'BARAJAS CHAVEZ EDWIN YOEL', 1, 1, NULL, '2025-03-19 11:17:00'),
(15, '22316050520015', 'AGUIRRE ALVAREZ JUAN MIGUEL', 1, 1, NULL, '2025-03-19 11:17:00'),
(16, '22316050520016', 'BAUTISTA SANTOS OLIVIA SABINE', 1, 1, NULL, '2025-03-19 11:17:00'),
(17, '22316050520017', 'CHAVEZ MENDEZ AMERICA YAMILETH', 1, 1, NULL, '2025-03-19 11:17:00'),
(18, '22316050520018', 'AGUILAR UGARTE JULIET', 1, 1, NULL, '2025-03-19 11:17:00'),
(19, '22316050520019', 'BOLAÑOS OCHOA VALERIA CAMILA', 1, 1, '+52 351 224 4492', '2025-06-26 12:07:02'),
(20, '22316050520020', 'CAMPOS VAZQUEZ DIEGO ALFONSO', 1, 1, '+52 351 109 6388', '2025-07-01 00:07:42'),
(21, '22316050520021', 'CISNEROS CUADRA ANGEL JULIAN', 1, 1, NULL, '2025-03-19 11:17:00'),
(22, '22316050520022', 'BUSTOS MUÑOZ EVELYN XIMENA', 1, 1, NULL, '2025-03-19 11:17:00'),
(23, '22316050520023', 'ESTRADA MARTINEZ YARELI VALERIA ', 1, 1, NULL, '2025-03-19 11:17:00'),
(24, '22316050520024', 'CHAVEZ CEJA BARBARA CAMILA', 1, 1, NULL, '2025-03-19 11:17:00'),
(25, '22316050520025', 'FAJARDO HERNANDEZ ANGEL DAVID', 1, 1, NULL, '2025-03-19 11:17:00'),
(26, '22316050520026', 'FERNANDEZ GARCIA MELVYN ARTURO', 1, 1, NULL, '2025-03-19 11:17:00'),
(27, '22316050520027', 'CARDENAS CERVANTES MARCO ANTONIO', 1, 1, NULL, '2025-03-19 11:17:00'),
(28, '22316050520028', 'CHAVEZ CEJA RICARDO', 1, 1, NULL, '2025-03-19 11:17:00'),
(29, '22316050520029', 'HERNANDEZ BENITEZ KAREN SOFIA', 1, 1, NULL, '2025-03-19 11:17:00'),
(30, '22316050520030', 'HERNANDEZ LUA IRMA', 1, 1, NULL, '2025-03-19 11:17:00'),
(31, '22316050520031', 'IXTA CHAVEZ KARLA GUADALUPE', 1, 1, NULL, '2025-03-19 11:17:00'),
(32, '22316050520032', 'BAUTISTA AVALOS DANNA KARINA', 1, 1, NULL, '2025-03-19 11:17:00'),
(33, '22316050520033', 'BARRAGAN BECERRA ENRIQUE', 1, 1, NULL, '2025-03-19 11:17:00'),
(34, '22316050520034', 'BARAJAS CERVANTES ROSA ELENA', 1, 1, NULL, '2025-03-19 11:17:00'),
(35, '22316050520035', 'CASTILLO CASTRO RICARDO DANIEL', 1, 1, NULL, '2025-03-19 11:17:00'),
(36, '22316050520036', 'CASTILLO MUNGUIA MEZLIT GUADALUPE', 1, 1, NULL, '2025-03-19 11:17:00'),
(37, '22316050520037', 'CALDERON LARA JANETZI XOCHIQUETZALLI', 1, 1, NULL, '2025-03-19 11:17:00'),
(38, '22316050520038', 'CASTELLANOS REYES KAROL ABDALA', 1, 1, NULL, '2025-03-19 11:17:00'),
(39, '22316050520039', 'CARABES VILLARRUEL EVELIN AMAIRANY', 1, 1, NULL, '2025-03-19 11:17:00'),
(40, '22316050520040', 'CORNEJO PEREZ JESUS EDUARDO', 5, 1, '+52 351 181 6150', '2025-07-01 17:11:27'),
(41, '22316050520041', 'IBARRA RUIZ JESUS ALEJANDRO', 1, 1, NULL, '2025-03-19 11:17:00'),
(42, '22316050520042', 'GARCIA MIRANDA GAEL ALEJANDRO', 1, 1, NULL, '2025-03-19 11:17:00'),
(43, '22316050520043', 'CHAVEZ TORRES ROBERTO', 1, 1, NULL, '2025-03-19 11:17:00'),
(44, '22316050520044', 'GIRON BAUTISTA DANIELA', 1, 1, NULL, '2025-03-19 11:17:00'),
(45, '22316050520045', 'JIMENEZ ROMERO FRIDA SOFIA', 1, 1, NULL, '2025-03-19 11:17:00'),
(46, '22316050520046', 'GONZALEZ VERA OSCAR DANIEL', 1, 1, NULL, '2025-03-19 11:17:00'),
(47, '22316050520047', 'LEMUS MAGDALENO GUILLERMO', 1, 1, NULL, '2025-03-19 11:17:00'),
(48, '22316050520048', 'LIRA CRUZ OSWALDO JAVIER', 1, 1, NULL, '2025-03-19 11:17:00'),
(49, '22316050520049', 'LARA CAMACHO CINTHIA XIMENA', 1, 1, NULL, '2025-03-19 11:17:00'),
(50, '22316050520050', 'GARCIA ALEJO BRENDA GUADALUPE', 1, 1, NULL, '2025-03-19 11:17:00'),
(51, '22316050520051', 'LICONA EQUIHUA OSCAR JAAZIEL', 1, 1, NULL, '2025-03-19 11:17:00'),
(52, '22316050520052', 'LOPEZ CONTRERAS ADRIANA ALEJANDRA', 1, 1, NULL, '2025-03-19 11:17:00'),
(53, '22316050520053', 'MANZO GARCIA JUAN DE DIOS', 1, 1, NULL, '2025-03-19 11:17:00'),
(54, '22316050520054', 'MAGAÑA GOMEZ JOSE MIGUEL', 1, 1, NULL, '2025-03-19 11:17:00'),
(55, '22316050520055', 'GOVEA ALVAREZ OSCAR GAEL', 1, 1, NULL, '2025-03-19 11:17:00'),
(56, '22316050520056', 'MARTINEZ ALVARADO JESICA ELIZABETH', 1, 1, NULL, '2025-03-19 11:17:00'),
(57, '22316050520057', 'MEDRANO DELGADO ITZEL', 1, 1, NULL, '2025-03-19 11:17:00'),
(58, '22316050520059', 'MENDEZ LINARES CAROL SOFIA', 1, 1, NULL, '2025-03-19 11:17:00'),
(59, '22316050520060', 'MENDEZ MAGDALENO GLORIA', 1, 1, NULL, '2025-03-19 11:17:00'),
(60, '22316050520061', 'GONZALEZ GARCIA EVELIN ANDREA', 1, 1, NULL, '2025-03-19 11:17:00'),
(61, '22316050520062', 'MAGAÑA GOMEZ MARIA FERNANDA', 1, 1, NULL, '2025-03-19 11:17:00'),
(62, '22316050520064', 'GOMEZ HERRERA FABIO CESAR', 1, 1, NULL, '2025-03-19 11:17:00'),
(63, '22316050520065', 'MENDEZ OCHOA LUIS ANGEL', 1, 1, NULL, '2025-03-19 11:17:00'),
(64, '22316050520067', 'MORENO HERNANDEZ ROSA GUADALUPE', 1, 1, NULL, '2025-03-19 11:17:00'),
(65, '22316050520068', 'MELGOZA SUAREZ RAUL ALBERTO', 1, 1, NULL, '2025-03-19 11:17:00'),
(66, '22316050520069', 'MIRANDA LOPEZ ANGEL JULIAN', 1, 1, NULL, '2025-03-19 11:17:00'),
(67, '22316050520070', 'MORALES MORA ANGEL JULIAN', 1, 1, '+52 351 372 9091', '2025-06-30 23:20:44'),
(68, '22316050520071', 'MORALES VERA JUAN PABLO', 1, 1, NULL, '2025-03-19 11:17:00'),
(69, '22316050520072', 'MUNGUIA HERNANDEZ ATENAS ANEL', 1, 1, '+52 351 404 6780', '2025-07-02 03:16:07'),
(70, '22316050520073', 'GOVEA MAGAÑA VERONICA YOSELIN', 1, 1, NULL, '2025-03-19 11:17:00'),
(71, '22316050520074', 'ORTEGA ASCENCIO CARLOS', 1, 1, NULL, '2025-03-19 11:17:00'),
(72, '22316050520075', 'NAVARRO AVALAOS RAFAEL', 1, 1, NULL, '2025-03-19 11:17:00'),
(73, '22316050520076', 'PALACIOS ZAVALA RUTH ARELY', 1, 1, NULL, '2025-03-19 11:17:00'),
(74, '22316050520077', 'NARCISO SOLANO ALAN DANIEL', 1, 1, NULL, '2025-03-19 11:17:00'),
(75, '22316050520078', 'PEREZ GARCIA DAVID ALEJANDRO', 1, 1, NULL, '2025-03-19 11:17:00'),
(76, '22316050520079', 'OSEGUERA RAMIREZ JULIAN', 1, 1, NULL, '2025-03-19 11:17:00'),
(77, '22316050520080', 'GUZMAN BAEZ FERNANDO', 1, 1, NULL, '2025-03-19 11:17:00'),
(78, '22316050520081', 'PEREZ HURTADO MIRIAM ESTEPHANI', 1, 1, NULL, '2025-03-19 11:17:00'),
(79, '22316050520082', 'RAMIREZ MARTINEZ DAVID', 1, 1, NULL, '2025-03-19 11:17:00'),
(80, '22316050520083', 'RIOS AVILA ANGEL DANIEL', 1, 1, NULL, '2025-03-19 11:17:00'),
(81, '22316050520084', 'RAMIREZ PEÑA VALERIA', 1, 1, NULL, '2025-03-19 11:17:00'),
(82, '22316050520085', 'GUZMAN HERNANDEZ STEPHANY MAGDALENA', 1, 1, '+52 351 233 0828', '2025-06-28 23:28:11'),
(83, '22316050520086', 'RIVERA CAMACHO JOSUE', 1, 1, NULL, '2025-03-19 11:17:00'),
(84, '22316050520087', 'RENDON HEREDIA NATALIA PAOLA', 1, 1, NULL, '2025-03-19 11:17:00'),
(85, '22316050520088', 'RODRIGUEZ LOPEZ ORLANDO', 1, 1, NULL, '2025-03-19 11:17:00'),
(86, '22316050520089', 'RESENDEZ PIMENTEL EMMANUEL', 1, 1, NULL, '2025-03-19 11:17:00'),
(87, '22316050520090', 'DEL TORO AMEZCUA ERICK', 1, 1, NULL, '2025-03-19 11:17:00'),
(88, '22316050520091', 'LOPEZ CAMARENA JOSE JULIAN', 1, 1, NULL, '2025-03-19 11:17:00'),
(89, '22316050520092', 'RODILES PRADO ZOE XIMENA', 1, 1, NULL, '2025-03-19 11:17:00'),
(90, '22316050520093', 'TORRES GAMA IVAN', 1, 1, NULL, '2025-03-19 11:17:00'),
(91, '22316050520094', 'LOPEZ SAMANO ADRIANA JAQUELINE', 1, 1, '+52 351 519 4297', '2025-07-01 00:00:46'),
(92, '22316050520095', 'TOBON MENDEZ RICARDO VICENTE', 1, 1, NULL, '2025-03-19 11:17:00'),
(93, '22316050520096', 'SALAZAR ALVAREZ MELANIE CITLALLI', 1, 1, NULL, '2025-03-19 11:17:00'),
(94, '22316050520097', 'VERDUZCO JIMENEZ LUIS MARIO', 1, 1, NULL, '2025-03-19 11:17:00'),
(95, '22316050520098', 'PALOMARES DAVALOS DENISSE', 1, 1, NULL, '2025-03-19 11:17:00'),
(96, '22316050520099', 'SANCHEZ CASTELLANOS APRIL', 1, 1, NULL, '2025-03-19 11:17:00'),
(97, '22316050520100', 'VEGA MAGAÑA VALERIA', 1, 1, NULL, '2025-03-19 11:17:00'),
(98, '22316050520101', 'SALDAÑA OLIVOS ELLIOTT GIOVANNI', 1, 1, NULL, '2025-03-19 11:17:00'),
(99, '22316050520102', 'VILLA BARRERA LUIS ADRIAN', 1, 1, NULL, '2025-03-19 11:17:00'),
(100, '22316050520103', 'TAPIA TORRES GABRIELA', 1, 1, NULL, '2025-03-19 11:17:00'),
(101, '22316050520104', 'PAHUAMBA DIAZ GABRIEL ALEJANDRO', 1, 1, NULL, '2025-03-19 11:17:00'),
(102, '22316050520105', 'TORRES TOLEDO IVAN ALEJANDRO', 1, 1, NULL, '2025-03-19 11:17:00'),
(103, '22316050520106', 'VEGA VIVEROS VIRIDIANA', 1, 1, NULL, '2025-03-19 11:17:00'),
(104, '22316050520107', 'VILLANUEVA AGUILERA JUAN JOSE', 1, 1, NULL, '2025-03-19 11:17:00'),
(105, '22316050520108', 'RODRIGUEZ TORRES DULCE MICHELLE', 1, 1, NULL, '2025-03-19 11:17:00'),
(106, '22316050520109', 'VILLANUEVA RIVERA CARLOS DIEGO', 1, 1, NULL, '2025-03-19 11:17:00'),
(107, '22316050520110', 'RODRIGUEZ VIDALES LUIS ANGEL', 1, 1, NULL, '2025-03-19 11:17:00'),
(108, '22316050520111', 'ZAVALA GUTIERREZ FLOR ITZEL', 1, 1, NULL, '2025-03-19 11:17:00'),
(109, '22316050520112', 'RUIZ GONZALEZ DANA MARCELA', 1, 1, 'undefined', '2025-07-01 13:03:18'),
(110, '22316050520113', 'SANCHEZ MENDOZA BETEL ESTEFANIA', 1, 1, NULL, '2025-03-19 11:17:00'),
(111, '22316050520114', 'TOLEDO SANCHEZ CELESTE BRIGETH', 1, 1, NULL, '2025-03-19 11:17:00'),
(112, '22316050520115', 'VIDALES AGUSTIN EMILI AMAIRANY', 1, 1, NULL, '2025-03-19 11:17:00'),
(113, '22316050520116', 'AYALA RAMOS JACOB ESAUL', 1, 1, '+52 351 180 3086', '2025-06-30 23:20:14'),
(114, '22316050520117', 'VIRGEN HERNANDEZ ASAEL ISAAC', 1, 1, NULL, '2025-03-19 11:17:00'),
(115, '22316050520118', 'ZAVALA FLORES JESUS ADRIAN', 1, 1, NULL, '2025-03-19 11:17:00'),
(116, '22316050520119', 'AGUIRRE ARELLANO ANTONIO', 1, 1, NULL, '2025-03-19 11:17:00'),
(117, '22316050520120', 'BARAJAS OSORNO MANUEL', 1, 1, NULL, '2025-03-19 11:17:00'),
(118, '22316050520121', 'BARRIGA RAMIREZ KARLA CITLALY', 1, 1, NULL, '2025-03-19 11:17:00'),
(119, '22316050520122', 'CHAVEZ BUENDIA ABRIL AILED', 1, 1, NULL, '2025-03-19 11:17:00'),
(120, '22316050520123', 'CASILLAS ESPITIA OCTAVIO', 1, 1, '+52 351 163 6739', '2025-07-15 22:45:51'),
(121, '22316050520124', 'CARRANZA MEZA GABRIEL', 1, 1, '+52 732 130 7100', '2025-06-26 11:28:11'),
(122, '22316050520125', 'CALIXTO SANDOVAL DANIA LIZBETH', 1, 1, NULL, '2025-03-19 11:17:00'),
(123, '22316050520126', 'COVARRUBIAS GALLEGOS MARCOS', 1, 1, NULL, '2025-03-19 11:17:00'),
(124, '22316050520127', 'DIAZ MACIAS PEDRO', 1, 1, NULL, '2025-03-19 11:17:00'),
(125, '22316050520128', 'FLORES MARCOS LUIS ALEXANDER', 1, 1, NULL, '2025-03-19 11:17:00'),
(126, '22316050520129', 'GARCIA PARTIDA KAREN PAOLA', 1, 1, NULL, '2025-03-19 11:17:00'),
(127, '22316050520130', 'ALFARO LARA VIVELOT YOLOTZIN', 1, 1, NULL, '2025-03-19 11:17:00'),
(128, '22316050520131', 'GONZALEZ FLORES LUISA FERNANDA', 1, 1, NULL, '2025-03-19 11:17:00'),
(129, '22316050520132', 'GODINEZ NAVARRO SOPHIA', 1, 1, NULL, '2025-03-19 11:17:00'),
(130, '22316050520133', 'GUZMAN GUTTIEREZ ANA GUADALUPE', 1, 1, NULL, '2025-03-19 11:17:00'),
(131, '22316050520134', 'HUAPE CRUZ EDGAR EDUARDO', 1, 1, NULL, '2025-03-19 11:17:00'),
(132, '22316050520135', 'HUANTE TEHANDON ANGEL EDUARDO', 1, 1, '+52 351 147 2038', '2025-07-13 20:01:39'),
(133, '22316050520136', 'JIMENEZ PULIDO ANGEL AZAEL', 1, 1, NULL, '2025-03-19 11:17:00'),
(134, '22316050520137', 'LOPEZ GARCIA BERENICE', 1, 1, NULL, '2025-03-19 11:17:00'),
(135, '22316050520138', 'LOPEZ REYES JOSE DANIEL', 1, 1, NULL, '2025-03-19 11:17:00'),
(136, '22316050520139', 'LOPEZ URBANO MARIA XIMENA', 1, 1, NULL, '2025-03-19 11:17:00'),
(137, '22316050520140', 'MAGAÑA HERRERA RAUL', 1, 1, '+52 351 186 2372', '2025-07-01 00:12:11'),
(138, '22316050520141', 'ALVAREZ RAMIREZ FABRIZIO', 1, 1, NULL, '2025-03-19 11:17:00'),
(139, '22316050520142', 'MADRIGAL VILLA KARLA GUADALUPE', 1, 1, NULL, '2025-03-19 11:17:00'),
(140, '22316050520143', 'ALFARO SERVIN FERNANDA ISARAY', 1, 1, NULL, '2025-03-19 11:17:00'),
(141, '22316050520144', 'MELCHOR CALVILLO CRISTOPHER YARETH', 1, 1, '+52 351 228 1208', '2025-06-26 12:02:39'),
(142, '22316050520145', 'ALEJANDRE HERNANDEZ KAROL ARMANDO', 1, 1, NULL, '2025-03-19 11:17:00'),
(143, '22316050520146', 'MENDOZA LOPEZ SAMANTHA GISELLE', 1, 1, NULL, '2025-03-19 11:17:00'),
(144, '22316050520147', 'AVILA RODRIGUEZ MARIANA', 1, 1, NULL, '2025-03-19 11:17:00'),
(145, '22316050520148', 'AGUILAR BECERRA OCTAVIO', 1, 1, NULL, '2025-03-19 11:17:00'),
(146, '22316050520149', 'ACUÑA MORENO ALISON ALEJANDRA', 1, 1, NULL, '2025-03-19 11:17:00'),
(147, '22316050520151', 'MENDEZ RICO AIDE', 1, 1, NULL, '2025-03-19 11:17:00'),
(148, '22316050520152', 'CASTAÑEDA ALVARADO FRANCISCO', 1, 1, NULL, '2025-03-19 11:17:00'),
(149, '22316050520153', 'MALDONADO MORA ELIZABETH', 1, 1, NULL, '2025-03-19 11:17:00'),
(150, '22316050520154', 'ORTIZ OLIVARES DANIEL', 1, 1, NULL, '2025-03-19 11:17:00'),
(151, '22316050520155', 'CEJA JARILLO JUAN JESUS', 1, 1, NULL, '2025-03-19 11:17:00'),
(152, '22316050520156', 'PEDROZA CABRERA STEPHANIE MONTSERAT', 1, 1, NULL, '2025-03-19 11:17:00'),
(153, '22316050520157', 'CIRIACO DIAZ JENNIFER PAULINA', 1, 1, NULL, '2025-03-19 11:17:00'),
(154, '22316050520158', 'PLIEGO TORRES BRENDA', 1, 1, '+52 351 280 8391', '2025-06-30 18:35:03'),
(155, '22316050520159', 'PUENTES GOMEZ LIZETH GUADALUPE', 1, 1, NULL, '2025-03-19 11:17:00'),
(156, '22316050520160', 'RAMIREZ JIMENEZ EVA YADIRA', 1, 1, NULL, '2025-03-19 11:17:00'),
(157, '22316050520161', 'CISNEROS REYES DULCE MARIA', 1, 1, NULL, '2025-03-19 11:17:00'),
(158, '22316050520162', 'ROSAS ALCAZAR GABRIEL FRANCISCO', 1, 1, NULL, '2025-03-19 11:17:00'),
(159, '22316050520163', 'SOTELO ROCHA ÁNGELA BELÉN', 1, 1, '+52 351 304 1015', '2025-06-16 12:04:57'),
(160, '22316050520164', 'DUARTE TORRES DESTINY YARETZI', 1, 1, NULL, '2025-03-19 11:17:00'),
(161, '22316050520165', 'RODRIGUEZ REYNOSO JUAN DANIEL', 1, 1, NULL, '2025-03-19 11:17:00'),
(162, '22316050520166', 'RODRIGUEZ VAZQUEZ IGNACIO', 1, 1, NULL, '2025-03-19 11:17:00'),
(163, '22316050520167', 'SAAVEDRA FERNANDEZ DIEGO', 1, 1, NULL, '2025-03-19 11:17:00'),
(164, '22316050520168', 'SALAZAR LEMUS MARILU', 1, 1, NULL, '2025-03-19 11:17:00'),
(165, '22316050520169', 'TAMAYO RESENDIZ REGINA', 1, 1, NULL, '2025-03-19 11:17:00'),
(166, '22316050520170', 'VILLALOBOS CAMPOS KEVIN SALVADOR', 1, 1, '+52 351 144 9032', '2025-06-30 12:15:55'),
(167, '22316050520171', 'VILLARRUEL HERNANDEZ OMAR FABRICIO', 1, 1, '+52 351 170 3107', '2025-06-30 15:19:59'),
(168, '22316050520172', 'ESPINOSA CUEVAS JULIO CESAR', 1, 1, '+52 351 181 2560', '2025-06-30 19:16:43'),
(169, '22316050520173', 'VILLALPANDO OROZCO JESUS GUADALUPE', 1, 1, NULL, '2025-03-19 11:17:00'),
(170, '22316050520174', 'VIDALES RODRIGUEZ JUAN CARLOS', 1, 1, NULL, '2025-03-19 11:17:00'),
(171, '22316050520175', 'VILLAVICENCIO GONZALEZ SHEILA MARIANA', 1, 1, NULL, '2025-03-19 11:17:00'),
(172, '22316050520176', 'ZARAGOZA RODRIGUEZ AMERICA VALERIA', 1, 1, NULL, '2025-03-19 11:17:00'),
(173, '22316050520177', 'ALVARADO LEON RICARDO', 1, 1, '+52 351 224 3710', '2025-07-12 15:46:29'),
(174, '22316050520180', 'AYALA RODRÍGUEZ YERANI GUADALUPE', 1, 1, NULL, '2025-03-19 11:17:00'),
(175, '22316050520181', 'FLORES HERNANDEZ AXEL FABIAN', 1, 1, NULL, '2025-03-19 11:17:00'),
(176, '22316050520182', 'ARMENTA MÉNDEZ ZOÉ FERNADA', 1, 1, NULL, '2025-03-19 11:17:00'),
(177, '22316050520183', 'ALEJO SEVILLANO BRANDON', 1, 1, NULL, '2025-03-19 11:17:00'),
(178, '22316050520184', 'ÁVILA BECERRA CÉSAR IVÁN', 1, 1, NULL, '2025-03-19 11:17:00'),
(179, '22316050520185', 'ARVIZU VARGAS FERNANDA NICOL', 1, 1, NULL, '2025-03-19 11:17:00'),
(180, '22316050520186', 'BARAJAS SÁNCHEZ ANDRÉS', 1, 1, NULL, '2025-03-19 11:17:00'),
(181, '22316050520187', 'CASTRO CAMPOS DANIA ARELY', 1, 1, NULL, '2025-03-19 11:17:00'),
(182, '22316050520188', 'CORDOBA HERNÁNDEZ ISABEL AMAYRANI', 1, 1, '+52 351 307 6767', '2025-06-27 14:03:41'),
(183, '22316050520189', 'GARCIA DE LA CRUZ YUARMIN NEZYUA', 1, 1, NULL, '2025-03-19 11:17:00'),
(184, '22316050520190', 'COLLAZO OCHOA JARELY', 1, 1, NULL, '2025-03-19 11:17:00'),
(185, '22316050520191', 'CUEVAS LÓPEZ YURITZI', 1, 1, NULL, '2025-03-19 11:17:00'),
(186, '22316050520192', 'DAMIAN ZAMORA TAYRI YALITZA', 1, 1, NULL, '2025-03-19 11:17:00'),
(187, '22316050520193', 'DIAZ BALTAZAR JORGE ÁNGEL', 1, 1, NULL, '2025-03-19 11:17:00'),
(188, '22316050520194', 'ESTRADA LEÓN HILARY ITZEL', 1, 1, NULL, '2025-03-19 11:17:00'),
(189, '22316050520195', 'ELIAS GARCÍA ARIADNA VIANNEY', 1, 1, NULL, '2025-03-19 11:17:00'),
(190, '22316050520196', 'ELIAS RIVERA KAROL ALONDRA', 1, 1, NULL, '2025-03-19 11:17:00'),
(191, '22316050520197', 'ALCANTAR VILLARRUEL ALONDRA GUADALUPE', 1, 1, NULL, '2025-03-19 11:17:00'),
(192, '22316050520198', 'GARCÍA BERROSPE JAQUELINE', 5, 1, '+52 351 124 7611', '2025-07-15 18:19:45'),
(193, '22316050520199', 'AGUILAR MALDONADO FRIDA ZOE', 1, 1, NULL, '2025-03-19 11:17:00'),
(194, '22316050520200', 'GALLEGOS MENDOZA JENNIFER', 1, 1, '+52 351 120 2335', '2025-06-27 14:03:16'),
(195, '22316050520201', 'GONZALEZ HERNANDEZ YUNNUEN', 1, 1, NULL, '2025-03-19 11:17:00'),
(196, '22316050520202', 'AGUILAR MOLINA HECTOR HUGO', 1, 1, NULL, '2025-03-19 11:17:00'),
(197, '22316050520203', 'ANDRADE MANZO EMMANUEL', 1, 1, NULL, '2025-03-19 11:17:00'),
(198, '22316050520204', 'GÓNZALES RAMOS LUIS ANTONIO', 1, 1, NULL, '2025-03-19 11:17:00'),
(199, '22316050520205', 'CAMPOS CRUZ VALERIA MONTSERRAT', 1, 1, '+52 351 161 2880', '2025-06-26 12:15:02'),
(200, '22316050520206', 'CAZAREZ AVIÑA ISIS LUCERO', 1, 1, NULL, '2025-03-19 11:17:00'),
(201, '22316050520207', 'GUILLEN GARIBAY SOFIA VANESSA', 1, 1, NULL, '2025-03-19 11:17:00'),
(202, '22316050520208', 'CALDERON RAMOS MICHELLE SARAHI', 1, 1, '+52 351 278 8025', '2025-06-26 12:06:01'),
(203, '22316050520209', 'GUERRA GALVAN YESSICA PAULINA', 1, 1, NULL, '2025-03-19 11:17:00'),
(204, '22316050520210', 'GUTIÉRREZ HARO ASHLYE GUADALUPE', 1, 1, '+52 351 197 3542', '2025-07-01 00:07:07'),
(205, '22316050520211', 'CERDA MARQUEZ DULCE MARIA', 1, 1, NULL, '2025-03-19 11:17:00'),
(206, '22316050520212', 'HÉRNANDEZ COYT GABRIEL', 1, 1, '+52 351 224 3809', '2025-06-26 12:06:23'),
(207, '22316050520213', 'HÉRNANDEZ RIVERA MELANI LIZETH', 1, 1, '+52 351 304 4648', '2025-06-27 16:06:15'),
(208, '22316050520214', 'JIMENEZ REYES SANTIAGO DANIEL', 1, 1, '+52 33 2973 6668', '2025-06-30 14:01:42'),
(209, '22316050520215', 'LÓPEZ GUERRERO PABLO ALEXANDER', 1, 1, NULL, '2025-03-19 11:17:00'),
(210, '22316050520216', 'LÓPEZ HÉRNANDEZ ULISES', 1, 1, NULL, '2025-03-19 11:17:00'),
(211, '22316050520217', 'DIAZ MARQUEZ JAIME', 1, 1, NULL, '2025-03-19 11:17:00'),
(212, '22316050520218', 'MÁRQUEZ LÓPEZ SOFÍA CAMILA', 1, 1, '+52 351 349 3304', '2025-06-30 13:53:12'),
(213, '22316050520219', 'MANZO RIVAS ÁNGEL RAMÓN', 1, 1, '+52 351 182 9807', '2025-06-26 12:10:06'),
(214, '22316050520220', 'MARTINEZ TORO DIEGO OSWALDO', 1, 1, NULL, '2025-03-19 11:17:00'),
(215, '22316050520221', 'CHAVEZ GARCIA BRIAN RONALDO', 1, 1, NULL, '2025-03-19 11:17:00'),
(216, '22316050520222', 'GONZALEZ FERNANDEZ ESPERANZA', 1, 1, NULL, '2025-03-19 11:17:00'),
(217, '22316050520224', 'CERVANTES GODINEZ MATIAS ABEL', 1, 1, NULL, '2025-03-19 11:17:00'),
(218, '22316050520225', 'GONZALEZ RAMIREZ MARIA CAMILA', 1, 1, NULL, '2025-03-19 11:17:00'),
(219, '22316050520226', 'MENDOZA OLIVARES DIANA LAURA', 1, 1, '+52 351 112 3511', '2025-06-27 13:55:46'),
(220, '22316050520227', 'ESTRADA AGUIÑINA JORGE JOHANN', 1, 1, NULL, '2025-03-19 11:17:00'),
(221, '22316050520228', 'CERVANTES HERNANDEZ MARCO ANTONIO', 1, 1, NULL, '2025-03-19 11:17:00'),
(222, '22316050520229', 'DE LA MORA MURGUIA JOSE AZAEL', 1, 1, NULL, '2025-03-19 11:17:00'),
(223, '22316050520230', 'FERNANDEZ VACA YARETZI JIMENA', 1, 1, NULL, '2025-03-19 11:17:00'),
(224, '22316050520231', 'FLORES CASTILLO MAYRIN VALENTINA', 1, 1, NULL, '2025-03-19 11:17:00'),
(225, '22316050520232', 'GARCIA GARIBAY GABRIELA NOEMI', 1, 1, NULL, '2025-03-19 11:17:00'),
(226, '22316050520233', 'GARIBAY MARTINEZ FERNANDA AYLEN', 1, 1, NULL, '2025-03-19 11:17:00'),
(227, '22316050520234', 'MUÑOZ AYALA HÉCTOR', 1, 1, NULL, '2025-03-19 11:17:00'),
(228, '22316050520235', 'GARCIA GARCIA EVELIN', 1, 1, '3512153137', '2025-06-26 11:20:00'),
(229, '22316050520236', 'GONZALEZ GONZALEZ MIGUEL ANGEL', 1, 1, NULL, '2025-03-19 11:17:00'),
(230, '22316050520237', 'OLVERA PANIAGUA ISRAEL', 1, 1, NULL, '2025-03-19 11:17:00'),
(231, '22316050520238', 'GARIBAY ROSAS JOSE ALEJANDRO', 1, 1, NULL, '2025-03-19 11:17:00'),
(232, '22316050520239', 'ORTIZ VARGAS EMILIO', 1, 1, NULL, '2025-03-19 11:17:00'),
(233, '22316050520240', 'GUTIERREZ OROZCO RICARDO ALEJANDRO', 1, 1, NULL, '2025-03-19 11:17:00'),
(234, '22316050520243', 'RAMIREZ GAITÁN JESÚS ALEXIS', 1, 1, NULL, '2025-03-19 11:17:00'),
(235, '22316050520245', 'RUIZ MORENO ÁNGEL ALEJANDRO', 1, 1, NULL, '2025-03-19 11:17:00'),
(236, '22316050520246', 'GONZALEZ FERNANDEZ YESENIA JAQUELIN', 1, 1, NULL, '2025-03-19 11:17:00'),
(237, '22316050520247', 'SÁNCHEZ CONTRERAS NAÍN JARED', 1, 1, NULL, '2025-03-19 11:17:00'),
(238, '22316050520248', 'LARA MAGAÑA MIGUEL ANGEL', 1, 1, NULL, '2025-03-19 11:17:00'),
(239, '22316050520249', 'SÁNCHEZ FIGUEROA CHRISTIAN GIOVANNI', 1, 1, NULL, '2025-03-19 11:17:00'),
(240, '22316050520250', 'LOPEZ PARRA CRISTIAN GERARDO', 1, 1, NULL, '2025-03-19 11:17:00'),
(241, '22316050520251', 'GUTIERREZ HERRERA ANDRES', 1, 1, NULL, '2025-03-19 11:17:00'),
(242, '22316050520252', 'SALAZAR MENDOZA MIGUEL ÁNGEL', 1, 1, NULL, '2025-03-19 11:17:00'),
(243, '22316050520253', 'HERNANDEZ RINCON KEVIN GUSTAVO', 1, 1, NULL, '2025-03-19 11:17:00'),
(244, '22316050520254', 'URIBE ALVARADO BRANDON LEONARDO', 1, 1, '+52 351 224 8685', '2025-06-30 12:44:52'),
(245, '22316050520255', 'VARGAS GUTIÉRREZ ANGELIK GUADALUPE', 1, 1, NULL, '2025-03-19 11:17:00'),
(246, '22316050520256', 'MANZO GUILLEN SANTIAGO DANIEL', 1, 1, NULL, '2025-03-19 11:17:00'),
(247, '22316050520257', 'HERRERA REYNOSO MARTHA MONTSERRAT', 1, 1, NULL, '2025-03-19 11:17:00'),
(248, '22316050520258', 'ZAMORA AYALA JIMENA GISELLE', 1, 1, NULL, '2025-03-19 11:17:00'),
(249, '22316050520259', 'MAGAÑA HERNANDEZ OSCAR FERNANDO', 1, 1, NULL, '2025-03-19 11:17:00'),
(250, '22316050520260', 'ZAMORA FLORES AMERICA AMAYRANI', 1, 1, NULL, '2025-03-19 11:17:00'),
(251, '22316050520261', 'MENDOZA MORA EMILIANO', 1, 1, NULL, '2025-03-19 11:17:00'),
(252, '22316050520262', 'MEDINA PULIDO REGINA SOFIA', 1, 1, NULL, '2025-03-19 11:17:00'),
(253, '22316050520263', 'ZARAGOZA FERNÁNDEZ MOISÉS', 1, 1, NULL, '2025-03-19 11:17:00'),
(254, '22316050520264', 'MELGOZA OCHOA EVELYN MONTSERRAT', 1, 1, NULL, '2025-03-19 11:17:00'),
(255, '22316050520265', 'MENDOZA REYES PAULINA MARIA', 1, 1, NULL, '2025-03-19 11:17:00'),
(256, '22316050520266', 'MORENO CALDERON JONATHAN ERIC', 1, 1, NULL, '2025-03-19 11:17:00'),
(257, '22316050520267', 'REYES SANCHEZ OMAR GERARDO', 1, 1, NULL, '2025-03-19 11:17:00'),
(258, '22316050520268', 'MORENO CASTILLO VALERIA GUADALUPE', 1, 1, '+52 351 150 5581', '2025-06-30 13:02:56'),
(259, '22316050520269', 'ROSAS DIAZ JOEL ALEJANDRO', 1, 1, NULL, '2025-03-19 11:17:00'),
(260, '22316050520270', 'ESTRADA MARTINEZ DIEGO', 1, 1, NULL, '2025-03-19 11:17:00'),
(261, '22316050520271', 'MONTALVO JIMENEZ NICOLE ELIZABETH', 1, 1, NULL, '2025-03-19 11:17:00'),
(262, '22316050520272', 'CHAVEZ HERRERA MARCO ANTONIO', 1, 1, NULL, '2025-03-19 11:17:00'),
(263, '22316050520273', 'ROSAS RIOS MARIO ALEXANDRO', 1, 1, NULL, '2025-03-19 11:17:00'),
(264, '22316050520274', 'OLIVO DUARTE DIEGO', 1, 1, NULL, '2025-03-19 11:17:00'),
(265, '22316050520275', 'OCHOA PACHECO JUAN ANTONIO', 1, 1, NULL, '2025-03-19 11:17:00'),
(266, '22316050520276', 'SANCHEZ ESPINOZA BELEN', 1, 1, NULL, '2025-03-19 11:17:00'),
(267, '22316050520277', 'SANTIBAÑES LEON MARCO ANTONIO', 1, 1, NULL, '2025-03-19 11:17:00'),
(268, '22316050520279', 'TORRES ZACARIAS JOEL', 1, 1, NULL, '2025-03-19 11:17:00'),
(269, '22316050520280', 'RAZO SANTOS FLAVIO EDUARDO', 1, 1, NULL, '2025-03-19 11:17:00'),
(270, '22316050520281', 'REYES MURILLO AMERICA ALESSANDRA', 1, 1, NULL, '2025-03-19 11:17:00'),
(271, '22316050520283', 'RICO FLORES VENUS WENDOLITH', 1, 1, NULL, '2025-03-19 11:17:00'),
(272, '22316050520284', 'RIVERA JUAREZ GERMAN', 1, 1, NULL, '2025-03-19 11:17:00'),
(273, '22316050520285', 'RODRIGUEZ HUERTA ANGEL', 1, 1, NULL, '2025-03-19 11:17:00'),
(274, '22316050520286', 'RODRIGUEZ LINARES RAUL GUILLERMO', 1, 1, NULL, '2025-03-19 11:17:00'),
(275, '22316050520287', 'RODRIGUEZ MURILLO LUIS ERNESTO', 1, 1, NULL, '2025-03-19 11:17:00'),
(276, '22316050520288', 'ROMERO MENDEZ REGINA', 1, 1, NULL, '2025-03-19 11:17:00'),
(277, '22316050520289', 'RODRIGUEZ MORA SOFIA', 1, 1, NULL, '2025-03-19 11:17:00'),
(278, '22316050520290', 'ROJO VALDIVIA EMANUEL', 1, 1, NULL, '2025-03-19 11:17:00'),
(279, '22316050520291', 'MARES ACUÑA MELANIE JAZMIN', 1, 1, NULL, '2025-03-19 11:17:00'),
(280, '22316050520292', 'VEGA MARTINEZ JENNIFER MICHELL', 1, 1, NULL, '2025-03-19 11:17:00'),
(281, '22316050520293', 'SEPULVEDA RAMIREZ DULCE MARIA', 1, 1, NULL, '2025-03-19 11:17:00'),
(282, '22316050520294', 'VERDUZCO PANTOJA MARIA DE JESUS', 1, 1, NULL, '2025-03-19 11:17:00'),
(283, '22316050520295', 'SOTO PEREZ JADE MARIA', 1, 1, NULL, '2025-03-19 11:17:00'),
(284, '22316050520296', 'TAPIA LARA MARISOL', 1, 1, NULL, '2025-03-19 11:17:00'),
(285, '22316050520297', 'VAZQUEZ CAZARES FERNANDA', 1, 1, NULL, '2025-03-19 11:17:00'),
(286, '22316050520298', 'SALCIDO SIERRA JESUS MANUEL', 1, 1, NULL, '2025-03-19 11:17:00'),
(287, '22316050520299', 'VALLEJO CEJA KAREN PAOLA', 1, 1, NULL, '2025-03-19 11:17:00'),
(288, '22316050520300', 'VALADEZ ESPINOZA JOSE ADOLFO', 1, 1, NULL, '2025-03-19 11:17:00'),
(289, '22316050520301', 'VALENZUELA DOMINGUEZ ASTRID CAMILA', 1, 1, NULL, '2025-03-19 11:17:00'),
(290, '22316050520304', 'TORRES DIEGO', 1, 1, NULL, '2025-03-19 11:17:00'),
(291, '22316050520305', 'RODRIGUEZ GARCIA ANDREA XIMENA', 1, 1, NULL, '2025-03-19 11:17:00'),
(292, '22316050520306', 'AVALOS REYNOSO BRAHYAN HACEL', 1, 1, NULL, '2025-03-19 11:17:00'),
(293, '22316050520307', 'MENDOZA MARTINEZ EVELYN DENISSE', 1, 1, NULL, '2025-03-19 11:17:00'),
(294, '22316050520308', 'ARAIZA CERVANTES TANIA YOCELIN', 1, 1, NULL, '2025-03-19 11:17:00'),
(295, '22316050520309', 'BRAVO ALVARADO MARIANA', 1, 1, NULL, '2025-03-19 11:17:00'),
(296, '22316050520310', 'BARRAGAN CONTRERAS KARLA RUBI', 1, 1, NULL, '2025-03-19 11:17:00'),
(297, '22316050520311', 'DURAN GARCIA JUANA GABRIELA', 1, 1, NULL, '2025-03-19 11:17:00'),
(298, '22316050520312', 'BALDERAS RAMOS AITANA VALERIA', 1, 1, NULL, '2025-03-19 11:17:00'),
(299, '22316050520313', 'BAUTISTA RAMIREZ DANIEL', 1, 1, NULL, '2025-03-19 11:17:00'),
(300, '22316050520314', 'GUERRERO MARTINEZ LUIS OSVALDO', 1, 1, NULL, '2025-03-19 11:17:00'),
(301, '22316050520315', 'BUENROSTRO RODRIGUEZ BRENDA VIANNEY', 1, 1, NULL, '2025-03-19 11:17:00'),
(302, '22316050520316', 'RUIZ RODRIGUEZ DANIELA', 1, 1, NULL, '2025-03-19 11:17:00'),
(303, '22316050520317', 'CAMPOS BELTRAN MIGUEL ALDAIR', 1, 1, NULL, '2025-03-19 11:17:00'),
(304, '22316050520319', 'CENDEJAS CAVELLA SILVIA JOCELYN', 1, 1, NULL, '2025-03-19 11:17:00'),
(305, '22316050520320', 'CENDEJAS SOLORIO CARLOS HUMBERTO', 1, 1, NULL, '2025-03-19 11:17:00'),
(306, '22316050520321', 'COLLAZO LOZANO ADRIANA', 1, 1, NULL, '2025-03-19 11:17:00'),
(307, '22316050520322', 'ELIAS CASTRO ELUNEY NAOMI', 1, 1, '+52 351 179 8431', '2025-06-30 19:52:18'),
(308, '22316050520323', 'HERNANDEZ MADRIGAL DANIELA', 1, 1, NULL, '2025-03-19 11:17:00'),
(309, '22316050520324', 'FUENTES MANZO AXEL GABRIEL', 1, 1, NULL, '2025-03-19 11:17:00'),
(310, '22316050520325', 'ALVAREZ ACUÑA BETEL', 1, 1, '+52 351 225 5704', '2025-06-30 18:19:20'),
(311, '22316050520326', 'MARTINEZ ANTEMATE RICARDO', 1, 1, NULL, '2025-03-19 11:17:00'),
(312, '22316050520327', 'GARCIA CASTILLO CRISTOFER', 1, 1, NULL, '2025-03-19 11:17:00'),
(313, '22316050520328', 'ALVARADO ACEVEDO LUIS ANGEL', 1, 1, NULL, '2025-03-19 11:17:00'),
(314, '22316050520329', 'GARCIA MARTINEZ IVANA AYELEN', 1, 1, NULL, '2025-03-19 11:17:00'),
(315, '22316050520330', 'MAGALLAN RODRIGUEZ AZUL GUADALUPE', 1, 1, NULL, '2025-03-19 11:17:00'),
(316, '22316050520331', 'GARCIA ROBLES FERNANDO', 1, 1, NULL, '2025-03-19 11:17:00'),
(317, '22316050520332', 'ALVAREZ COVARRUBIAS AZUL ALEJANDRA', 1, 1, NULL, '2025-03-19 11:17:00'),
(318, '22316050520333', 'MONTELONGO BRAVO SOFIA PAOLA', 1, 1, NULL, '2025-03-19 11:17:00'),
(319, '22316050520334', 'GARIBAY SOLIS ANGEL', 1, 1, NULL, '2025-03-19 11:17:00'),
(320, '22316050520335', 'ALVAREZ HERNANDEZ DANIELA', 1, 1, NULL, '2025-03-19 11:17:00'),
(321, '22316050520336', 'GONZALEZ ALCANTAR JESSICA GUADALUPE', 1, 1, NULL, '2025-03-19 11:17:00'),
(322, '22316050520337', 'AVALOS MORENO FAVIO ALBERTO', 1, 1, NULL, '2025-03-19 11:17:00'),
(323, '22316050520338', 'MORENO ESTRADA DULCE MARIA', 1, 1, NULL, '2025-03-19 11:17:00'),
(324, '22316050520339', 'GONZALEZ NAVARRO DARIAN SNIDER', 1, 1, NULL, '2025-03-19 11:17:00'),
(325, '22316050520340', 'AYALA JR JESUS', 1, 1, NULL, '2025-03-19 11:17:00'),
(326, '22316050520341', 'NAVARRO SOLORIO JOSE ALFREDO', 1, 1, NULL, '2025-03-19 11:17:00'),
(327, '22316050520342', 'HERNANDEZ DE LA CRUZ MELANIE ZULEIKA', 1, 1, NULL, '2025-03-19 11:17:00'),
(328, '22316050520343', 'HIGAREDA MARTINEZ JORGE ADRIAN', 1, 1, NULL, '2025-03-19 11:17:00'),
(329, '22316050520344', 'OLVERA VARGAS KARLA YARETZI', 1, 1, NULL, '2025-03-19 11:17:00'),
(330, '22316050520347', 'VILLALOBOS ANDRADE LUNEDI', 1, 1, NULL, '2025-03-19 11:17:00'),
(331, '22316050520348', 'PALEO ALVARADO LENIN EDUARDO', 1, 1, NULL, '2025-03-19 11:17:00'),
(332, '22316050520349', 'VALENCIA RUVALCABA MARCOS DE JESUS', 1, 1, '+52 351 404 6789', '2025-07-01 00:12:56'),
(333, '22316050520350', 'PEREZ GODINEZ ZAYRA GUADALUPE', 1, 1, NULL, '2025-03-19 11:17:00'),
(334, '22316050520351', 'TINOCO MERCADO ERIK ALEXIS', 1, 1, NULL, '2025-03-19 11:17:00'),
(335, '22316050520352', 'RIVERA JIMENEZ LEONARDO ULISES', 1, 1, NULL, '2025-03-19 11:17:00'),
(336, '22316050520353', 'ALONSO ESPINOZA VALERIA', 1, 1, NULL, '2025-03-19 11:17:00'),
(337, '22316050520354', 'SANTOS MADRIGAL LUIS FERNANDO', 1, 1, NULL, '2025-03-19 11:17:00'),
(338, '22316050520355', 'AQUINO VARGAS MARIANA ANAHI', 1, 1, NULL, '2025-03-19 11:17:00'),
(339, '22316050520356', 'CALDERON ESCAMILLA KEVIN YERAY', 1, 1, NULL, '2025-03-19 11:17:00'),
(340, '22316050520357', 'CHAVEZ MENDEZ JESUS', 1, 1, '+52 351 127 2729', '2025-06-26 11:57:33'),
(341, '22316050520358', 'CORIA ORTIZ XIMENA GUADALUPE', 1, 1, NULL, '2025-03-19 11:17:00'),
(342, '22316050520359', 'BARBOZA RIOS XIMENA', 1, 1, NULL, '2025-03-19 11:17:00'),
(343, '22316050520360', 'ESPINOZA CHAVEZ DAVID SALVADOR', 1, 1, NULL, '2025-03-19 11:17:00'),
(344, '22316050520361', 'ESCOBAR MARTINEZ ALEXA LIZBETH', 1, 1, NULL, '2025-03-19 11:17:00'),
(345, '22316050520362', 'GARCIA AGUILAR JULIETA', 1, 1, NULL, '2025-03-19 11:17:00'),
(346, '22316050520363', 'GARCIA GUTIERREZ KARLA LIZETH', 1, 1, '+52 351 181 2873', '2025-06-30 13:01:10'),
(347, '22316050520366', 'RAMIREZ SANCHEZ SEBASTIAN', 1, 1, NULL, '2025-03-19 11:17:00'),
(348, '22316050520367', 'DEL RIO VALADEZ ERICK FERNANDO', 1, 1, '+52 351 117 2600', '2025-07-01 00:13:36'),
(349, '22316050520368', 'RODRIGUEZ HURTADO DULCE MARIA', 1, 1, NULL, '2025-03-19 11:17:00'),
(350, '22316050520369', 'RODRIGUEZ MENDEZ JESUS MARTIN', 1, 1, '+52 351 159 6938', '2025-06-30 23:59:57'),
(351, '22316050520370', 'ROCHA MEDINA JIMENA', 1, 1, '+1 209 814 2824', '2025-07-16 18:21:10'),
(352, '22316050520371', 'ROCHA FAJARDO FATIMA JANET', 1, 1, NULL, '2025-03-19 11:17:00'),
(353, '22316050520372', 'ALTAMIRANO GARCIA DANIELA', 1, 1, NULL, '2025-03-19 11:17:00'),
(354, '22316050520373', 'PEÑA OROZCO HUGO ALBERTO', 1, 1, NULL, '2025-03-19 11:17:00'),
(355, '22316050520374', 'ROA RODRIGUEZ MAURICIO', 1, 1, NULL, '2025-03-19 11:17:00'),
(356, '22316050520375', 'GARCIA HINOJOSA CAMILA', 1, 1, NULL, '2025-03-19 11:17:00'),
(357, '22316050520376', 'GUILLEN HURTADO MONSERRAT', 1, 1, NULL, '2025-03-19 11:17:00'),
(358, '22316050520377', 'RUIZ ANAYA JOSHUA OSWALDO', 1, 1, NULL, '2025-03-19 11:17:00'),
(359, '22316050520378', 'OCHOA MEJIA DANIA', 1, 1, NULL, '2025-03-19 11:17:00'),
(360, '22316050520379', 'ORTEGA AVIÑA KAROL ALEJANDRO', 1, 1, NULL, '2025-03-19 11:17:00'),
(361, '22316050520380', 'SANCHEZ GARCIA MARIA JULIETA', 1, 1, NULL, '2025-03-19 11:17:00'),
(362, '22316050520381', 'HERNANDEZ BALTAZAR JESUS EDUARDO', 1, 1, NULL, '2025-03-19 11:17:00'),
(363, '22316050520382', 'NUÑEZ CRUZ LESLIE DANIELA', 1, 1, NULL, '2025-03-19 11:17:00'),
(364, '22316050520383', 'SANDOVAL VEGA SERGIO', 1, 1, NULL, '2025-03-19 11:17:00'),
(365, '22316050520384', 'NINIZ VAZQUEZ ALFREDO', 1, 1, NULL, '2025-03-19 11:17:00'),
(366, '22316050520385', 'HERNANDEZ HUERTA DIEGO', 1, 1, NULL, '2025-03-19 11:17:00'),
(367, '22316050520386', 'TALAVERA RAMIREZ CRISTOPHER', 1, 1, NULL, '2025-03-19 11:17:00'),
(368, '22316050520387', 'NAVARRO RODRIGUEZ SAUL', 1, 1, NULL, '2025-03-19 11:17:00'),
(369, '22316050520388', 'INFANTE RODRIGUEZ CARLOS GIOVANNI', 1, 1, NULL, '2025-03-19 11:17:00'),
(370, '22316050520389', 'MEDINA MORENO JARED', 1, 1, NULL, '2025-03-19 11:17:00'),
(371, '22316050520390', 'VALENCIA SANCHEZ IAN EMILIANO', 1, 1, NULL, '2025-03-19 11:17:00'),
(372, '22316050520391', 'JIMENEZ MENDEZ JONATHAN FRANCISCO', 1, 1, NULL, '2025-03-19 11:17:00'),
(373, '22316050520392', 'MERCADO CASTILLO DIANA SOFIA', 1, 1, '+52 351 374 1991', '2025-06-30 11:32:13'),
(374, '22316050520393', 'LEAL ROSAS LEONARDO DANIEL', 1, 1, NULL, '2025-03-19 11:17:00'),
(375, '22316050520394', 'MACIAS OSEGUERA JESUS', 1, 1, NULL, '2025-03-19 11:17:00'),
(376, '22316050520395', 'VEGA CHAVEZ AZUL FERNANDA', 1, 1, NULL, '2025-03-19 11:17:00'),
(377, '22316050520396', 'CARDENAS CARRILLO DAIRA DENISE', 1, 1, NULL, '2025-03-19 11:17:00'),
(378, '22316050520397', 'LOPEZ HERRERA MIGUEL ANGEL', 1, 1, NULL, '2025-03-19 11:17:00'),
(379, '22316050520398', 'MARTINEZ GARCIA ALDAHIR', 1, 1, NULL, '2025-03-19 11:17:00'),
(380, '22316050520399', 'VEGA CEDILLO EIDY ITZEL', 1, 1, '+52 351 193 4060', '2025-07-01 13:40:50'),
(381, '22316050520400', 'MAGDANELO AVENDAÑO DANIELA EVELYN', 1, 1, '+52 351 180 8011', '2025-06-26 12:11:47'),
(382, '22316050520401', 'JUAREZ AMBRIZ ALISON SHARENNI', 1, 1, NULL, '2025-03-19 11:17:00'),
(383, '22316050520402', 'JIMENEZ PONCE PERLA', 1, 1, NULL, '2025-03-19 11:17:00'),
(384, '22316050520403', 'VILLALOBOS ESTRADA MAYRA RUBY', 1, 1, NULL, '2025-03-19 11:17:00'),
(385, '22316050520404', 'DIAZ MARTINEZ JUDIT NAHUM', 1, 1, NULL, '2025-03-19 11:17:00'),
(386, '22316050520405', 'MARTINEZ DIAZ JUAN DANIEL', 1, 1, NULL, '2025-03-19 11:17:00'),
(387, '22316050520406', 'MARTINEZ GONZALEZ AZUCENA', 1, 1, NULL, '2025-03-19 11:17:00'),
(388, '22316050520407', 'MADRIGAL RAMIREZ ENRIQUE GAEL', 1, 1, NULL, '2025-03-19 11:17:00'),
(389, '22316050520408', 'MARTINEZ VALENCIA PAOLA ALEJANDRA', 1, 1, NULL, '2025-03-19 11:17:00'),
(390, '22316050520409', 'MENDOZA BARAJAS ANGEL GUADALUPE', 1, 1, NULL, '2025-03-19 11:17:00'),
(391, '22316050520410', 'MENDOZA HERNANDEZ DONOVAN ULISES', 1, 1, NULL, '2025-03-19 11:17:00'),
(392, '22316050520411', 'MENDOZA SANCHEZ IANCARLO', 1, 1, NULL, '2025-03-19 11:17:00'),
(393, '22316050520412', 'MOTA HIGAREDA CARLA ALEJANDRA', 1, 1, NULL, '2025-03-19 11:17:00'),
(394, '22316050520413', 'OCHOA ROJAS MATEO DE JESUS', 1, 1, NULL, '2025-03-19 11:17:00'),
(395, '22316050520414', 'OLGUIN CORDOVA OSVALDO', 1, 1, NULL, '2025-03-19 11:17:00'),
(396, '22316050520415', 'PEREZ CORTES RAUL ALEJANDRO', 1, 1, NULL, '2025-03-19 11:17:00'),
(397, '22316050520416', 'ROJAS GONZALEZ ALEXANDRA', 1, 1, NULL, '2025-03-19 11:17:00'),
(398, '22316050520417', 'RIOS IRAZABA DULCE VALERIA', 1, 1, NULL, '2025-03-19 11:17:00'),
(399, '22316050520418', 'ROMERO TRINIDAD NATALIA MONTSERRAT', 1, 1, NULL, '2025-03-19 11:17:00'),
(400, '22316050520419', 'RUIZ GONZALEZ SOFIA REGINA', 1, 1, NULL, '2025-03-19 11:17:00'),
(401, '22316050520420', 'TABAREZ MARTINEZ SERGIO ARMANDO', 1, 1, NULL, '2025-03-19 11:17:00'),
(402, '22316050520421', 'VERDUZCO ARROYO LUIS ENRIQUE', 1, 1, NULL, '2025-03-19 11:17:00'),
(403, '22316050520422', 'ARELLANO VILLA ITZI', 1, 1, NULL, '2025-03-19 11:17:00'),
(404, '22316050520423', 'ZARAGOZA URBINA EFRAIN ALEJANDRO', 1, 1, NULL, '2025-03-19 11:17:00'),
(405, '22316050520424', 'ALCAZAR HERRERA CARLOS RAFAEL', 1, 1, NULL, '2025-03-19 11:17:00'),
(406, '22316050520425', 'BARRERA MENCHACA CARLOS ALBERTO', 1, 1, NULL, '2025-03-19 11:17:00'),
(407, '22316050520427', 'AMEZQUITA VAZQUEZ ALAN ADRIAN', 1, 1, NULL, '2025-03-19 11:17:00'),
(408, '22316050520428', 'CEJA OLIVARES GUILLERMO', 5, 1, '+52 351 159 7452', '2025-06-30 12:33:19'),
(409, '22316050520429', 'GABRIEL MORA ZAID EMILIANO', 1, 1, '+52 351 306 6408', '2025-06-26 12:21:20'),
(410, '22316050520430', 'BAUTISTA RAMIREZ SARAHI', 1, 1, NULL, '2025-03-19 11:17:00'),
(411, '22316050520431', 'DIAZ MAGAÑA YOSELIN GUADALUPE', 1, 1, NULL, '2025-03-19 11:17:00'),
(412, '22316050520432', 'MATA CABELLO HECTOR CRISTOBAL', 1, 1, NULL, '2025-03-19 11:17:00'),
(413, '22316050520433', 'DUARTE ESPINOSA ANGEL', 1, 1, NULL, '2025-03-19 11:17:00'),
(414, '22316050520434', 'BALLESTEROS URBINA IAN VICTOR', 1, 1, NULL, '2025-03-19 11:17:00'),
(415, '22316050520435', 'ALVARADO AGUILERA JESÚS FERNANDO', 1, 1, NULL, '2025-03-19 11:17:00'),
(416, '22316050520436', 'ALANIS LEYVA ALICIA VIRIDIANA', 1, 1, NULL, '2025-03-19 11:17:00'),
(417, '22316050520437', 'BERNABE MENDEZ JOCELYN', 1, 1, NULL, '2025-03-19 11:17:00'),
(418, '22316050520438', 'CHAVEZ MENDEZ MARIA FERNANDA', 1, 1, NULL, '2025-03-19 11:17:00'),
(419, '22316050520439', 'SANDOVAL GUERRERO SANDRA', 1, 1, NULL, '2025-03-19 11:17:00'),
(420, '22316050520440', 'CERVANTES ALANIS VALERIA', 1, 1, NULL, '2025-03-19 11:17:00'),
(421, '22316050520441', 'RODRIGUEZ BARRON JOSE ANGEL', 1, 1, NULL, '2025-03-19 11:17:00'),
(422, '22316050520442', 'CERVANTES RODRIGUEZ MARTHA RENATA', 1, 1, NULL, '2025-03-19 11:17:00'),
(423, '22316050520443', 'CUEVAS CAMARENA JUAN PABLO', 1, 1, NULL, '2025-03-19 11:17:00'),
(424, '22316050520445', 'AYALA RODRIGUEZ BRANDON MITCHAEL', 1, 1, NULL, '2025-03-19 11:17:00'),
(425, '22316050520446', 'ESTRADA MORALES AARON', 1, 1, NULL, '2025-03-19 11:17:00'),
(426, '22316050520447', 'FLORES MONTES KIARA DANIELA', 1, 1, NULL, '2025-03-19 11:17:00'),
(427, '22316050520448', 'ACOSTA AYALA AXEL YAEL', 1, 1, NULL, '2025-03-19 11:17:00'),
(428, '22316050520449', 'GARCIA MEDINA MARIAJOSE', 1, 1, NULL, '2025-03-19 11:17:00'),
(429, '22316050520450', 'BECERRA ZARATE EFREN SALVADOR', 1, 1, NULL, '2025-03-19 11:17:00'),
(430, '22316050520452', 'GONZALEZ HERNANDEZ JAQUELYN GUADALUPE', 1, 1, NULL, '2025-03-19 11:17:00'),
(431, '22316050520453', 'ESTRADA SILVA ANDREA SARAHI', 1, 1, NULL, '2025-03-19 11:17:00'),
(432, '22316050520454', 'BUCIO MARTINEZ CAROL ALESSA', 1, 1, NULL, '2025-03-19 11:17:00'),
(433, '22316050520455', 'FERNANDEZ GALINDO CESAR ALEXANDER', 1, 1, NULL, '2025-03-19 11:17:00'),
(434, '22316050520456', 'CARRILLO MARES MARISOL', 1, 1, NULL, '2025-03-19 11:17:00'),
(435, '22316050520457', 'HERNANDEZ AVILA FERNANDA LIZBETH', 1, 1, NULL, '2025-03-19 11:17:00'),
(436, '22316050520458', 'CONTRERAS MIRELES JOSE ROBERTO', 1, 1, '351 306 5243', '2025-06-30 21:33:34'),
(437, '22316050520459', 'GOMEZ RODRIGUEZ KEVIN OMAR', 1, 1, NULL, '2025-03-19 11:17:00'),
(438, '22316050520460', 'CRUZ ZUNO MARLON JOAN', 1, 1, NULL, '2025-03-19 11:17:00'),
(439, '22316050520461', 'HERNANDEZ JARAMILLO DANIELA ESTEFANIA', 1, 1, NULL, '2025-03-19 11:17:00'),
(440, '22316050520462', 'LANDEROS GARCIA ABRIL', 1, 1, NULL, '2025-03-19 11:17:00'),
(441, '22316050520463', 'AMEZCUA GONZALEZ SALVADOR', 1, 1, NULL, '2025-03-19 11:17:00'),
(442, '22316050520464', 'LOPEZ ALVARADO EMMANUEL', 1, 1, NULL, '2025-03-19 11:17:00'),
(443, '22316050520465', 'DIAZ ESPINOZA OSWALDO', 1, 1, NULL, '2025-03-19 11:17:00'),
(444, '22316050520467', 'ARROYO HERNANDEZ JORGE LUIS', 1, 1, NULL, '2025-03-19 11:17:00'),
(445, '22316050520468', 'LOPEZ MACIEL MARISOL CITLALLY', 1, 1, NULL, '2025-03-19 11:17:00'),
(446, '22316050520469', 'MENDOZA RAMIREZ BRAYAN ENRIQUE', 1, 1, NULL, '2025-03-19 11:17:00'),
(447, '22316050520470', 'BANDA GARCIA CAMILA NEFERTITI', 1, 1, NULL, '2025-03-19 11:17:00'),
(448, '22316050520471', 'ABARCA MORENO LUIS FRANCISCO', 1, 1, NULL, '2025-03-19 11:17:00'),
(449, '22316050520472', 'BARRAGAN SANCHEZ ZAYRA YANELI', 1, 1, '+52 351 307 4892', '2025-06-25 13:04:02'),
(450, '22316050520473', 'MARTINEZ HERNANDEZ PERLA RUBI', 1, 1, NULL, '2025-03-19 11:17:00'),
(451, '22316050520474', 'ALTAMIRANO PEREZ ADRIAN', 1, 1, NULL, '2025-03-19 11:17:00'),
(452, '22316050520475', 'CHAVEZ FLORES KAREN BELINDA', 1, 1, NULL, '2025-03-19 11:17:00'),
(453, '22316050520476', 'AMEZCUA RODRIGUEZ EVELYN GUADALUPE', 1, 1, 'undefined', '2025-04-14 18:56:57'),
(454, '22316050520477', 'MACIAS RUIZ MARIA FERNANDA', 1, 1, NULL, '2025-03-19 11:17:00'),
(455, '22316050520478', 'CARRANZA LOPEZ YAZMIN GUADALUPE', 1, 1, NULL, '2025-03-19 11:17:00'),
(456, '22316050520479', 'MONTAÑO CAMPOS IRENE ALEXANDRA', 1, 1, NULL, '2025-03-19 11:17:00'),
(457, '22316050520480', 'GARCIA JIMENA ALEXANDRA', 1, 1, NULL, '2025-03-19 11:17:00'),
(458, '22316050520481', 'BERNAL MUNGUIA PAOLA', 1, 1, '+52 351 203 2330', '2025-06-26 11:30:55'),
(459, '22316050520482', 'COTA MEDINA CESAR DANIEL', 1, 1, NULL, '2025-03-19 11:17:00'),
(460, '22316050520483', 'ORTEGA PULIDO ANGEL GABRIEL', 1, 1, NULL, '2025-03-19 11:17:00'),
(461, '22316050520484', 'GARCIA MARTINEZ JUAN ANTONIO', 1, 1, NULL, '2025-03-19 11:17:00'),
(462, '22316050520486', 'CORRAL CHAVEZ AXEL ALFREDO', 1, 1, NULL, '2025-03-19 11:17:00'),
(463, '22316050520487', 'PEREZ ANDRADE JOSUE SEBASTIAN', 1, 1, NULL, '2025-03-19 11:17:00'),
(464, '22316050520488', 'GARCIA DOMINGUEZ LUIS DANIEL', 1, 1, NULL, '2025-03-19 11:17:00'),
(465, '22316050520489', 'CARRILLO SANCHEZ JOSELIN ALEJANDRA', 1, 1, NULL, '2025-03-19 11:17:00'),
(466, '22316050520490', 'GERONIMO RIVAS ROBERT STEVEN', 1, 1, NULL, '2025-03-19 11:17:00'),
(467, '22316050520491', 'HERRERA PIÑONES MANUEL GIOVANNI', 1, 1, NULL, '2025-03-19 11:17:00'),
(468, '22316050520492', 'LOPEZ PALOMAR BLANCA ESTELA', 1, 1, NULL, '2025-03-19 11:17:00'),
(469, '22316050520493', 'LINARTE ESCOBAR JOSE DE JESUS', 1, 1, NULL, '2025-03-19 11:17:00'),
(470, '22316050520494', 'PUCHETA GRANADOS MARIAN ISAURA', 1, 1, NULL, '2025-03-19 11:17:00'),
(471, '22316050520495', 'GARCIA ANGEL DIEGO', 1, 1, NULL, '2025-03-19 11:17:00'),
(472, '22316050520496', 'MARTINEZ HUANTE JOANA IVONNE', 1, 1, NULL, '2025-03-19 11:17:00'),
(473, '22316050520497', 'MARTINEZ AREVALOS ANDREA YOSELYN', 1, 1, NULL, '2025-03-19 11:17:00'),
(474, '22316050520498', 'RAMOS MELCHOR DANIELA MARIAN', 1, 1, NULL, '2025-03-19 11:17:00'),
(475, '22316050520499', 'GARCIA SANCHEZ YESENIA', 1, 1, NULL, '2025-03-19 11:17:00'),
(476, '22316050520500', 'MANZO JIMENEZ HUGO SALVADOR', 1, 1, NULL, '2025-03-19 11:17:00'),
(477, '22316050520501', 'MANZO AVALOS IAN FERNANDO', 1, 1, NULL, '2025-03-19 11:17:00'),
(478, '22316050520502', 'GURROLA CERVANTES KAREN ITZEL', 1, 1, NULL, '2025-03-19 11:17:00'),
(479, '22316050520503', 'RAZO RAMOS DANIEL', 1, 1, NULL, '2025-03-19 11:17:00'),
(480, '22316050520504', 'MENDOZA DUEÑAS MIGUEL', 1, 1, NULL, '2025-03-19 11:17:00'),
(481, '22316050520505', 'MAGAÑA CORTEZ VERONICA', 1, 1, NULL, '2025-03-19 11:17:00'),
(482, '22316050520506', 'HERRERA PEREZ MARIA FERNANDA', 1, 1, NULL, '2025-03-19 11:17:00'),
(483, '22316050520507', 'REYES MARTINEZ DAENA ANDREA', 1, 1, NULL, '2025-03-19 11:17:00'),
(484, '22316050520508', 'MELGOZA GALLEGOS ISMERAI', 1, 1, NULL, '2025-03-19 11:17:00'),
(485, '22316050520509', 'MARTINEZ ENRIQUEZ DIANA NATALIA', 1, 1, NULL, '2025-03-19 11:17:00'),
(486, '22316050520510', 'JACOBO VEGA ANDREA MONTSERRAT', 1, 1, NULL, '2025-03-19 11:17:00'),
(487, '22316050520511', 'RUIZ HERNANDEZ BRYAN', 1, 1, NULL, '2025-03-19 11:17:00'),
(488, '22316050520512', 'MARTINEZ NEGRETE JULISSA YUNUEN', 1, 1, NULL, '2025-03-19 11:17:00'),
(489, '22316050520513', 'MENDOZA ROJO JAQUELINNE', 1, 1, '+52 351 203 2661', '2025-06-27 13:56:41'),
(490, '22316050520514', 'LOPEZ ESQUIVEL ESMERALDA', 1, 1, NULL, '2025-03-19 11:17:00'),
(491, '22316050520515', 'MORALES ANDRADE OSCAR FERNANDO', 1, 1, NULL, '2025-03-19 11:17:00'),
(492, '22316050520516', 'MENDEZ ROMERO MILEIDY', 1, 1, NULL, '2025-03-19 11:17:00'),
(493, '22316050520517', 'OCHOA RODILES MARIA ESPERANZA', 1, 1, NULL, '2025-03-19 11:17:00'),
(494, '22316050520518', 'URBANO CAZARES SOFIA YOALI', 1, 1, NULL, '2025-03-19 11:17:00'),
(495, '22316050520519', 'OROZCO SOLIS NAOMI GYSELL', 1, 1, NULL, '2025-03-19 11:17:00'),
(496, '22316050520520', 'MANCILLA ALFARO LIZBETH ALEJANDRA', 1, 1, NULL, '2025-03-19 11:17:00'),
(497, '22316050520521', 'PLATA CHAVEZ SAUL', 1, 1, NULL, '2025-03-19 11:17:00'),
(498, '22316050520522', 'VALADES HERNANDEZ DIEGO EMANUEL', 1, 1, NULL, '2025-03-19 11:17:00'),
(499, '22316050520523', 'MANZO HERNANDEZ VANNIA ARLETTE', 1, 1, NULL, '2025-03-19 11:17:00'),
(500, '22316050520524', 'MOLINA ARROYO ADELA', 1, 1, NULL, '2025-03-19 11:17:00'),
(501, '22316050520525', 'PRADO VILLANUEVA AURORA LEONOR', 1, 1, NULL, '2025-03-19 11:17:00'),
(502, '22316050520526', 'MARTINEZ RUIZ EDGAR', 1, 1, NULL, '2025-03-19 11:17:00'),
(503, '22316050520527', 'MOTA DIEGO ANDREA', 1, 1, NULL, '2025-03-19 11:17:00'),
(504, '22316050520528', 'VEGA VILLAGOMEZ JOSE DE JESUS', 1, 1, NULL, '2025-03-19 11:17:00'),
(505, '22316050520529', 'ROJO MURILLO VICTOR DANIEL', 1, 1, NULL, '2025-03-19 11:17:00'),
(506, '22316050520530', 'ZUÑIGA CAMPOS ANGEL GUSTAVO', 1, 1, NULL, '2025-03-19 11:17:00'),
(507, '22316050520531', 'OROZCO PRADO ERNESTO', 1, 1, NULL, '2025-03-19 11:17:00'),
(508, '22316050520532', 'SANTOS FERREIRA JOSE TRANQUILINO', 1, 1, NULL, '2025-03-19 11:17:00'),
(509, '22316050520533', 'PICAZO DEL TORO DAVID', 1, 1, NULL, '2025-03-19 11:17:00'),
(510, '22316050520534', 'MENDEZ ARROYO JESUS ANTONIO', 1, 1, NULL, '2025-03-19 11:17:00'),
(511, '22316050520535', 'RIVERA OCHOA NATALIA JACQUELIN', 1, 1, NULL, '2025-03-19 11:17:00'),
(512, '22316050520536', 'RANGEL GUTIERREZ LESLY KATERIN', 1, 1, NULL, '2025-03-19 11:17:00'),
(513, '22316050520537', 'RAMIREZ HERNANDEZ DIANA LIZBETH', 1, 1, NULL, '2025-03-19 11:17:00'),
(514, '22316050520538', 'MARTINEZ ZARATE GAEL HAZIEL', 1, 1, NULL, '2025-03-19 11:17:00'),
(515, '22316050520539', 'RODRIGUEZ REYNOSO CLAUDIA YANETH', 1, 1, NULL, '2025-03-19 11:17:00'),
(516, '22316050520540', 'RIVAS PARRA ISAAC URIEL', 1, 1, NULL, '2025-03-19 11:17:00'),
(517, '22316050520541', 'RODRIGUEZ VAZQUEZ FERNANDA NAOMY', 1, 1, NULL, '2025-03-19 11:17:00'),
(518, '22316050520542', 'MENDEZ MARTINEZ AMERICA MICHELLE', 1, 1, NULL, '2025-03-19 11:17:00'),
(519, '22316050520543', 'ROSALES PEREZ ROGELIO DE JESUS', 1, 1, NULL, '2025-03-19 11:17:00'),
(520, '22316050520544', 'SOSA MENDEZ JESICA', 1, 1, NULL, '2025-03-19 11:17:00'),
(521, '22316050520545', 'MAGDALENO SANDOVAL MILAGROS GUADALUPE', 1, 1, NULL, '2025-03-19 11:17:00'),
(522, '22316050520546', 'NIÑO AGUILAR RENATA', 1, 1, NULL, '2025-03-19 11:17:00'),
(523, '22316050520547', 'VACA MARTINEZ CESAR DANIEL', 1, 1, NULL, '2025-03-19 11:17:00'),
(524, '22316050520548', 'MARTINEZ VAZQUEZ JOAN ANTONIO', 1, 1, NULL, '2025-03-19 11:17:00'),
(525, '22316050520549', 'VENANCIO RODRIGUEZ AMANDA', 1, 1, NULL, '2025-03-19 11:17:00'),
(526, '22316050520551', 'QUINTERO HERRERA VIVIANA', 1, 1, NULL, '2025-03-19 11:17:00'),
(527, '22316050520552', 'VILLA MAGANA EVELIN GUADALUPE', 1, 1, NULL, '2025-03-19 11:17:00'),
(528, '22316050520553', 'RANGEL MARTINEZ PAOLA CITLALY', 1, 1, NULL, '2025-03-19 11:17:00'),
(529, '22316050520554', 'RAYA DEL RIO MARIA FERNANDA', 1, 1, NULL, '2025-03-19 11:17:00'),
(530, '22316050520555', 'RUVALCABA PINEDA JONATHAN', 1, 1, NULL, '2025-03-19 11:17:00'),
(531, '22316050520556', 'RESENDIZ AVILA BRANDON AXEL', 1, 1, NULL, '2025-03-19 11:17:00'),
(532, '22316050520557', 'RIOS ACUÑA CARLOS AARON', 1, 1, NULL, '2025-03-19 11:17:00'),
(533, '22316050520558', 'SOTELO CORTES ODED', 1, 1, NULL, '2025-03-19 11:17:00'),
(534, '22316050520559', 'MENDEZ ABARCA CAMILA DEL ROSARIO', 1, 1, NULL, '2025-03-19 11:17:00'),
(535, '22316050520560', 'SOTELO LEDEZMA CHRISTOPHER NEFTHALY', 1, 1, NULL, '2025-03-19 11:17:00'),
(536, '22316050520561', 'MENDOZA CRUZ KAREN MARELY', 1, 1, NULL, '2025-03-19 11:17:00'),
(537, '22316050520562', 'MENDEZ HERRERA ROCIO', 1, 1, '+52 351 226 9801', '2025-06-28 23:23:03'),
(538, '22316050520563', 'MENDEZ MARTINEZ BRYANNA RUBI', 1, 1, NULL, '2025-03-19 11:17:00'),
(539, '22316050520564', 'MEZA ORTIZ JESUS ALBERTO', 1, 1, NULL, '2025-03-19 11:17:00'),
(540, '22316050520565', 'TORRES MUÑOZ CARLOS DAVID', 1, 1, NULL, '2025-03-19 11:17:00'),
(541, '22316050520566', 'PEÑA GARCIA SOFIA', 1, 1, NULL, '2025-03-19 11:17:00'),
(542, '22316050520567', 'PULIDO TORRES BRANDON', 1, 1, NULL, '2025-03-19 11:17:00'),
(543, '22316050520568', 'SALOMON LOPEZ MARIANA', 1, 1, NULL, '2025-03-19 11:17:00'),
(544, '22316050520569', 'VARGAS MARTINEZ ELI JANITZIO', 1, 1, NULL, '2025-03-19 11:17:00'),
(545, '22316050520570', 'TORRES ALFARO ERICK NICOLAS', 1, 1, NULL, '2025-03-19 11:17:00'),
(546, '22316050520571', 'CHAVEZ LUQUIN CAMILA NICOLE', 1, 1, NULL, '2025-03-19 11:17:00'),
(547, '22316050520572', 'VELAZQUEZ SANCHEZ MAURICIO', 1, 1, NULL, '2025-03-19 11:17:00'),
(548, '22316050520573', 'CEPEDA GARCÍA DIEGO ALEJANDRO', 1, 1, NULL, '2025-03-19 11:17:00'),
(549, '22316050520574', 'ZEPEDA ANAYA ARATH', 1, 1, NULL, '2025-03-19 11:17:00'),
(550, '22316050520575', 'ZUÑIGA CRISOSTOMO KAREN JOSSELYN', 1, 1, NULL, '2025-03-19 11:17:00'),
(551, '22316050520576', 'HERNANDEZ GARCIA MIGUEL ANGEL', 1, 1, NULL, '2025-03-19 11:17:00'),
(552, '22316050520577', 'RAMIREZ LOPEZ MAURICIO', 1, 1, NULL, '2025-03-19 11:17:00'),
(553, '22316050520578', 'DIAZ POSADAS LEYNA CORAL', 1, 1, NULL, '2025-03-19 11:17:00'),
(554, '22316050520579', 'PADILLA ZARAGOZA JOSE CARLOS', 1, 1, NULL, '2025-03-19 11:17:00'),
(555, '22316050520580', 'MAGAÑA GOMEZ JESÚS ALEXANDER', 1, 1, NULL, '2025-03-19 11:17:00');
INSERT INTO `registered_generation_people` (`id`, `no_control`, `fullname`, `person_type_id`, `is_a_student`, `phonenumber`, `creationtime`) VALUES
(556, '22316050520581', 'EVARISTO PEREZ DANIELA', 1, 1, NULL, '2025-03-19 11:17:00'),
(557, '22316050520582', 'GARCIA SAAVEDRA ANGELICA', 1, 1, NULL, '2025-03-19 11:17:00'),
(558, '22316050520583', 'ARROYO GARIBAY LESLY CITLALI', 1, 1, NULL, '2025-03-19 11:17:00'),
(559, '22316050520584', 'URIBE HILARIO KENIA', 1, 1, NULL, '2025-03-19 11:17:00'),
(560, '22316050520585', 'XXXXXX XXXXXX XXXXXX XXXXX', 1, 1, 'NULL', '2025-06-16 12:08:05'),
(561, '22316050520586', 'VILLAGOMEZ AVILA YADIRA', 1, 1, NULL, '2025-03-19 11:17:00'),
(562, '22316050520587', 'PULIDO MANZO TANIA', 1, 1, NULL, '2025-03-19 11:17:00'),
(563, '22316050520588', 'MARTINEZ COVARRUBIAS MARTHA DAYANA', 1, 1, NULL, '2025-03-19 11:17:00'),
(564, '22316050520589', 'MEZA ZAMORA ROGELIO ALFONSO', 1, 1, NULL, '2025-03-19 11:17:00'),
(565, '22316050520590', 'RIOS AGUILAR PERLA CRISTINA', 1, 1, NULL, '2025-03-19 11:17:00'),
(566, '22316050520591', 'CEBALLOS GARCIA CITLALLY', 1, 1, NULL, '2025-03-19 11:17:00'),
(567, '22316050520592', 'JIMENEZ MANZO ESTRELLA', 1, 1, NULL, '2025-03-19 11:17:00'),
(568, '22316050520594', 'LOPEZ ESPINOZA ALEJANDRA', 1, 1, NULL, '2025-03-19 11:17:00'),
(569, '22316050520595', 'JIMENEZ CABRERA GLORIA GUADALUPE', 1, 1, NULL, '2025-03-19 11:17:00'),
(570, '22316050520596', 'RAMIREZ GRIMALDO JAZMIN NATALY', 1, 1, NULL, '2025-03-19 11:17:00'),
(571, '22316050520597', 'DE LA ROSA ECHEVERIA ERIKA JAZMIN', 1, 1, NULL, '2025-03-19 11:17:00'),
(572, '22316050520598', 'DUARTE ESCOBEDO PABLO ALONSO', 1, 1, NULL, '2025-03-19 11:17:00'),
(573, '22316050520599', 'GARCIA AVALOS KEVIN SALVADOR', 1, 1, NULL, '2025-03-19 11:17:00'),
(574, '22316050520600', 'MEDINA GONZALEZ XIMENA', 1, 1, NULL, '2025-03-19 11:17:00'),
(575, '22316050520601', 'RINCON HERNANDEZ MANUEL SEBASTIAN', 1, 1, NULL, '2025-03-19 11:17:00'),
(576, '22316050520603', 'RUIZ LOPEZ VALERY MONSERRAT', 1, 1, NULL, '2025-03-19 11:17:00'),
(577, '22316050520604', 'VIRGEN HERNANDEZ JARED ABDIEL', 1, 1, NULL, '2025-03-19 11:17:00'),
(578, '22316050520606', 'LARA RODRIGUEZ WENDY MICHELLE', 1, 1, NULL, '2025-03-19 11:17:00'),
(579, '22316050520607', 'CONSTANTINO IXTA CINTHIA TERESA', 1, 1, NULL, '2025-03-19 11:17:00'),
(580, '22316050520608', 'SAUCEDO CRUZ VALERIA', 1, 1, NULL, '2025-03-19 11:17:00'),
(581, '22316050520609', 'ALVAREZ CARDENAS ELISEO', 1, 1, '+52 443 199 7895', '2025-06-26 12:49:32'),
(582, '22316050520610', 'SAAVEDRA ARMANDO', 1, 1, NULL, '2025-03-19 11:17:00'),
(583, '22316050520611', 'FLORES AGUILAR ROSA EDITH', 1, 1, NULL, '2025-03-19 11:17:00'),
(584, '22316050520613', 'NAVARRO MAGAÑA EMILY JANET', 1, 1, '3512831025', '2025-03-27 13:03:29'),
(585, '22316050520614', 'BARRERA CRUZ ALEXIS DANIEL', 1, 1, '+52 351 115 0620', '2025-06-26 11:25:59'),
(586, '22316050520615', 'BECERRA SANCHEZ PAOLA YUNNUEN', 1, 1, NULL, '2025-03-19 11:17:00'),
(587, '22316050520616', 'OROZCO LOPEZ GUADALUPE', 1, 1, NULL, '2025-03-19 11:17:00'),
(588, '22316050520621', 'HERRERA ZARAGOZA BRYAN ROBERTO', 1, 1, NULL, '2025-03-19 11:17:00'),
(589, '22316050520622', 'AREVALO MARTINEZ RODRIGO', 1, 1, NULL, '2025-03-19 11:17:00'),
(590, '22316050520623', 'SOLORIO DUARTE BRIAN ADAIR', 1, 1, NULL, '2025-03-19 11:17:00'),
(591, '22316050520625', 'MEDINA SANCHEZ YANNET PAULINA', 1, 1, NULL, '2025-03-19 11:17:00'),
(592, '22316050520626', 'IBARRA PULIDO ADRIANA YOSELYN', 1, 1, NULL, '2025-03-19 11:17:00'),
(593, '22316050520627', 'JIMENEZ GOMEZ DAMIAN AZAHEL', 1, 1, NULL, '2025-03-19 11:17:00'),
(594, 'NULL', 'NATHALIA URBINA PADILLA', 1, 1, '4523051128', '2025-05-26 15:57:56'),
(595, 'NULL', 'NULL', 1, 1, 'Null', '2025-06-25 13:05:53'),
(596, 'NULL', 'EVELYN MARTINEZ MANCILLA', 1, 1, '4431899855', '2025-03-25 16:47:28'),
(597, 'NULL', '', 1, 1, '', '2025-03-26 11:26:23'),
(599, 'NULL', 'GOMEZ AVALOS FÁTIMA ESPERANZA', 1, 1, '3511256911', '2025-07-07 15:03:59'),
(600, 'NULL', 'KEVIN JOVANI ESPINOZA VERDUZCO', 6, 0, '+52 351 160 0448', '2025-06-30 13:05:35'),
(601, 'NULL', 'BAZÁN HUERTA ANABELL', 1, 1, '+52 248 124 6227', '2025-07-01 00:04:06'),
(603, 'NULL', 'IVÁN GABRIEL JIMÉNEZ GARCÍA', 6, 0, '', '2025-04-14 18:56:08'),
(605, 'NULL', 'GUSTAVO SERVÍN VÁZQUEZ', 6, 0, '+52 351 205 7022', '2025-05-06 11:38:59'),
(606, 'NULL', 'DIEGO ARMANDO ESCOTO PONCE', 6, 0, '+52 351 223 4066', '2025-05-12 14:23:38'),
(609, 'NULL', 'ELIZABETH AVILA OROZCO', 6, 0, '+53 351 150 4861', '2025-05-13 14:38:51'),
(610, 'NULL', 'SOFIA RUVALCABA ESPINOZA', 6, 0, '+52 351 404 6789', '2025-05-14 14:21:09'),
(611, 'NULL', 'MARCOS VALENCIA GONZÁLEZ', 6, 0, '', '2025-05-14 14:20:54'),
(612, 'NULL', 'LETICIA ESPINOZA MALDONADO', 6, 0, '', '2025-05-19 12:18:59'),
(613, 'NULL', 'SÁNCHEZ GUZMAN XOCHITL', 6, 0, '+52 351 150 8815', '2025-05-14 16:39:28'),
(614, 'NULL', 'VICTOR ALFONSO BRAVO JIMÉNEZ', 6, 0, '+52 351 120 2947', '2025-05-14 16:39:12'),
(615, 'NULL', 'SAMUEL OROZCO HERNÁNDEZ', 1, 1, '3512058010', '2025-05-14 16:53:58'),
(616, 'NULL', 'ELIZABETH CEDILLO ALBARRÁN', 6, 0, '+52 351 160 6212', '2025-05-19 12:09:32'),
(617, 'NULL', 'ESPERANZA GONZÁLEZ ARÉVALO', 6, 0, '', '2025-05-19 12:19:26'),
(618, 'NULL', 'PERLA PÁRAMO FRANCO', 6, 0, '+52 351 122 1613', '2025-05-19 13:14:35'),
(619, 'NULL', 'AGUSTÍN CUEVAS TORRES', 6, 0, '+52 351 122 1458', '2025-05-19 13:15:14'),
(620, 'NULL', 'DOMINICK CUEVAS PÁRAMO', 6, 0, '', '2025-05-19 13:16:13'),
(621, 'NULL', 'ENRIQUE MENDOZA RAMÍREZ', 6, 0, '', '2025-05-19 13:16:59'),
(623, 'NULL', 'GABRIEL ROSAS ALCAZAR', 6, 0, '', '2025-07-10 16:58:32'),
(624, 'NULL', 'SALVADOR VEGA CRUZ', 6, 0, '', '2025-05-26 12:09:39'),
(625, 'NULL', 'MANUEL ANTONIO ZUNO GALVÁN', 6, 0, '', '2025-05-26 15:57:35'),
(626, 'NULL', 'JOHANN JESÚS MORALES CARRANZA', 1, 1, '+52 351 222 4673', '2025-05-26 16:11:45'),
(627, 'NULL', 'ANTONIO BRAVO ZARAGOZA', 2, 0, '', '2025-07-15 15:47:17'),
(628, 'NULL', 'JASIEL SAID HERRERA HERNÁNDEZ', 1, 1, '', '2025-05-30 16:48:01'),
(629, 'NULL', 'MORA RODRÍGUEZ SANDRA', 6, 0, '', '2025-06-16 12:54:35'),
(630, 'NULL', 'JUAN PABLO LUCATERO CALIXTO', 6, 0, '', '2025-06-24 13:25:03'),
(631, 'NULL', 'JULIO CESAR GUTIÉRREZ GOVEA', 6, 0, '+52 351 206 7555', '2025-06-30 13:28:28'),
(632, 'NULL', 'EDUARDO CISNEROS RAMÍREZ', 6, 0, '+52 351 152 0681', '2025-07-01 13:03:55'),
(633, 'NULL', 'VALERIA MOLINA MORALES', 6, 0, '', '2025-06-25 13:03:18'),
(635, 'NULL', 'JANDI YAMILE GARCIA GARCIA', 6, 0, '+53 351 186 8044', '2025-06-26 11:20:45'),
(636, 'NULL', 'JESÚS PÉREZ MORA', 6, 0, '+1 661 995 6852', '2025-06-26 11:21:31'),
(637, 'NULL', 'JANETH GARIBAY VIDALES', 6, 0, '', '2025-06-30 12:17:02'),
(638, 'NULL', 'MEJIA MENDEZ ALEXANDER', 6, 0, '', '2025-06-28 23:21:23'),
(639, 'NULL', 'VALERIA VELÁZQUEZ MILLAN', 6, 0, '', '2025-06-30 11:31:43'),
(640, 'NULL', 'ARMENDARIZ SÁNCHEZ MARIANO', 6, 0, '+52 351 193 8476', '2025-06-30 12:43:22'),
(641, 'NULL', 'JULIO CÉSAR MORALES DUARTE', 6, 0, '', '2025-06-30 23:09:16'),
(642, 'NULL', 'ALAN SANTIAGO MORALES MORA', 6, 0, '', '2025-06-30 23:10:04'),
(643, 'NULL', 'SANDRA TEHANDON AGUILAR  ', 6, 0, '3511256763', '2025-06-30 23:24:56'),
(644, 'NULL', '  EDUARDO HUANTE GUERRERO', 6, 0, '3511284243', '2025-06-30 23:26:18'),
(645, 'NULL', 'LILIA ALBARRÁN GARCÍA', 6, 0, '', '2025-07-01 13:36:56'),
(646, 'NULL', 'FELIPE CEDILLO ALBARRÁN', 6, 0, '', '2025-07-01 13:37:12'),
(647, 'NULL', 'MARIA MERCED CRUZ PEDRAZA', 6, 0, '', '2025-07-01 13:37:34'),
(648, 'NULL', 'ISAAC ALEJANDRO VEGA CEDILLO', 6, 0, '', '2025-07-01 13:38:39'),
(649, 'NULL', 'MARTINEZ RODRIGUEZ DILAN ALEJANDRO', 5, 0, '+52 443 482 2706', '2025-07-01 17:13:26'),
(650, 'NULL', 'JESÚS SANTIAGO MARTÍNEZ GARCÍA', 7, 0, '+52 351 145 2895', '2025-07-07 14:45:04'),
(651, 'NULL', 'JUAN ANTONIO CASTILLO GARCÍA', 5, 0, '+52 351 133 5135', '2025-07-07 14:45:41'),
(652, 'NULL', 'MARISOL GASPAR OCHOA', 5, 0, '+52 351 226 1158', '2025-07-07 14:46:19'),
(653, 'NULL', 'GEORGINA ÁVALOS LÓPEZ', 6, 0, '', '2025-07-07 15:03:46'),
(654, 'NULL', 'DIANA LAURA ALVARADO LEÓN', 6, 0, '', '2025-07-12 15:45:38'),
(655, 'NULL', 'GUADALUPE BEATRIZ LEON SAAVEDRA', 6, 0, '', '2025-07-12 15:45:53'),
(656, 'NULL', 'JESúS FRANCISCO HUANTE TEHANDON', 6, 0, '3513093187', '2025-07-13 20:00:49'),
(657, 'NULL', 'LISSY RIOS DUARTE', 6, 0, '+52 351 372 8705', '2025-07-13 23:58:42'),
(658, 'NULL', 'GARCIA SANCHEZ YESENIA ', 5, 0, ' 351 120 5821', '2025-07-15 22:22:25');

-- --------------------------------------------------------

--
-- Estructura de tabla para la tabla `roles`
--

CREATE TABLE `roles` (
  `id` int(11) NOT NULL,
  `name` varchar(32) NOT NULL,
  `description` varchar(256) NOT NULL,
  `god` tinyint(1) NOT NULL DEFAULT 0
) ENGINE=InnoDB DEFAULT CHARSET=utf8mb3 COLLATE=utf8mb3_general_ci;

--
-- Volcado de datos para la tabla `roles`
--

INSERT INTO `roles` (`id`, `name`, `description`, `god`) VALUES
(1, 'CEO', 'Desarrollador del sistema', 1),
(2, 'Nitro Admin', 'Administrador de usuarios', 1);

-- --------------------------------------------------------

--
-- Estructura de tabla para la tabla `tempusers`
--

CREATE TABLE `tempusers` (
  `id` char(36) NOT NULL DEFAULT uuid(),
  `username` varchar(16) NOT NULL,
  `name` varchar(32) NOT NULL,
  `lastname` varchar(32) NOT NULL,
  `email` varchar(64) NOT NULL,
  `password` text NOT NULL,
  `verification_code` varchar(256) NOT NULL,
  `creation_date` datetime DEFAULT current_timestamp()
) ENGINE=InnoDB DEFAULT CHARSET=utf8mb3 COLLATE=utf8mb3_general_ci;

-- --------------------------------------------------------

--
-- Estructura de tabla para la tabla `userroles`
--

CREATE TABLE `userroles` (
  `user_id` int(11) NOT NULL,
  `role_id` int(11) NOT NULL,
  `creation_time` datetime NOT NULL DEFAULT current_timestamp(),
  `active` tinyint(1) NOT NULL DEFAULT 1,
  `expiration_time` datetime DEFAULT NULL,
  `reason` varchar(256) DEFAULT NULL
) ENGINE=InnoDB DEFAULT CHARSET=utf8mb4 COLLATE=utf8mb4_general_ci;

--
-- Volcado de datos para la tabla `userroles`
--

INSERT INTO `userroles` (`user_id`, `role_id`, `creation_time`, `active`, `expiration_time`, `reason`) VALUES
(1, 1, '2025-03-26 01:59:47', 1, NULL, 'Creador principal del sistema');

-- --------------------------------------------------------

--
-- Estructura de tabla para la tabla `users`
--

CREATE TABLE `users` (
  `id` int(11) NOT NULL,
  `username` varchar(16) NOT NULL,
  `name` varchar(32) NOT NULL,
  `lastname` varchar(32) NOT NULL,
  `email` varchar(64) NOT NULL,
  `password` text NOT NULL,
  `securitypatch` int(2) NOT NULL,
  `accountstatus` int(2) NOT NULL DEFAULT 1,
  `creationtime` datetime NOT NULL DEFAULT current_timestamp(),
  `avatar` longtext DEFAULT NULL
) ENGINE=InnoDB DEFAULT CHARSET=utf8mb3 COLLATE=utf8mb3_general_ci;

--
-- Volcado de datos para la tabla `users`
--

INSERT INTO `users` (`id`, `username`, `name`, `lastname`, `email`, `password`, `securitypatch`, `accountstatus`, `creationtime`, `avatar`) VALUES
(1, 'brandon', 'Brandon Leonardo', 'Uribe Alvarado', 'brandonleonardou@gmail.com', 'rBXKGz2mvu0BkpXOOjp1MnBLbmJJU2dsblNvbW1MOjo2QXAwKzlsQVFHc3dZRzlXbFRjV0t3PT0=', 1, 1, '2024-04-07 21:16:51', 'user1-1740951086.jpg'),
(2, 'martin', 'Martin', 'Rodríguez Méndez', 'jesusrodriguez22@cbtis52.edu.mx', 'rBXKGz2mvu0BkpXOOjp1MnBLbmJJU2dsblNvbW1MOjo2QXAwKzlsQVFHc3dZRzlXbFRjV0t3PT0=', 1, 1, '2024-04-07 21:16:51', NULL),
(3, 'jakie', 'Adriana Jaqueline', 'López Sámano', 'adrijakie@gmail.com', 'oZKSXMTIdPbLy2RxOjp6Q2JlTVZxZllGdUc5UklnOjpXSEptQWhTek0rK3ViSk1LdEpmQlV3PT0=', 1, 1, '2025-03-19 21:16:51', NULL),
(4, 'admin1', 'Usuario Administrador', '1', 'admin1@nitro.com', '8UwFZe/a+uWc1a7lOmQ6Okg0N2FGUkJqdkljSlV2RUY6OjBYNEhucExSOUVXeGdmUXRHVDVhekE9PQ==', 1, 1, '2025-03-26 10:00:00', NULL),
(5, 'alexis', 'Alexis Daniel', 'Barrera Cruz', 'alexis.barrera.cbtis52@gmail.com', 'TYlB1fskI4vdTkY0znSRVOF8OjpoZW42c3RMMmJHRVIveHZVOjpkN2o4MHpIMWhmQk92aUJQcWJPRk1RPT0', 1, 1, '2025-04-29 08:09:08', NULL),
(6, 'alexander', 'Luis Alexander', 'Flores Marcos', 'luisflores22@cbtis52.edu.mx', 'KNeCK2kHiPiw18iU5wbUQjaHqF0xOjpoMElDcWxXdWJSb0RSeVhsOjplNzhoei9VQnl4UjZBN1RNZVJ6eFF3PT0=', 1, 1, '2025-05-19 00:33:44', NULL),
(7, 'judith', 'Judith Nahum', 'Díaz Martínez', 'judithdiaz22@cbtis52.edu.mx', 'lUe7UbHBY6I+DIo5dQ/n3Do6NytPdW8rcFBmZ1ZTUG1jRDo6aFZDcVNsMEhiU3d0NTlIb3dTU3pyUT09', 1, 1, '2025-05-19 00:35:00', NULL);

--
-- Índices para tablas volcadas
--

--
-- Indices de la tabla `guests`
--
ALTER TABLE `guests`
  ADD PRIMARY KEY (`guest_person_id`,`guest_of_person_id`),
  ADD UNIQUE KEY `guest_person_id` (`guest_person_id`),
  ADD KEY `guest_of_person_id_fk` (`guest_of_person_id`);

--
-- Indices de la tabla `payments`
--
ALTER TABLE `payments`
  ADD PRIMARY KEY (`id`),
  ADD UNIQUE KEY `creation_order` (`creation_order`),
  ADD KEY `registered_person_made_pay_id_fk` (`registered_person_made_pay_id`),
  ADD KEY `user_processed_pay_id_fk` (`user_processed_pay_id`),
  ADD KEY `idx_creation_order` (`creation_order`),
  ADD KEY `idx_pay_timestamp` (`pay_timestamp`),
  ADD KEY `payment_to_pass_id_fk` (`payment_to_pass_id`);

--
-- Indices de la tabla `person_types`
--
ALTER TABLE `person_types`
  ADD PRIMARY KEY (`id`);

--
-- Indices de la tabla `prices`
--
ALTER TABLE `prices`
  ADD KEY `prices_person_type_id_fk` (`person_type_id`);

--
-- Indices de la tabla `registered_generation_people`
--
ALTER TABLE `registered_generation_people`
  ADD PRIMARY KEY (`id`),
  ADD KEY `person_type_id_fk` (`person_type_id`);

--
-- Indices de la tabla `roles`
--
ALTER TABLE `roles`
  ADD PRIMARY KEY (`id`);

--
-- Indices de la tabla `tempusers`
--
ALTER TABLE `tempusers`
  ADD PRIMARY KEY (`id`),
  ADD UNIQUE KEY `username` (`username`);

--
-- Indices de la tabla `userroles`
--
ALTER TABLE `userroles`
  ADD PRIMARY KEY (`user_id`,`role_id`),
  ADD KEY `role_id_fk` (`role_id`);

--
-- Indices de la tabla `users`
--
ALTER TABLE `users`
  ADD PRIMARY KEY (`id`),
  ADD UNIQUE KEY `username` (`username`),
  ADD UNIQUE KEY `email` (`email`);

--
-- AUTO_INCREMENT de las tablas volcadas
--

--
-- AUTO_INCREMENT de la tabla `payments`
--
ALTER TABLE `payments`
  MODIFY `creation_order` int(11) NOT NULL AUTO_INCREMENT, AUTO_INCREMENT=306;

--
-- AUTO_INCREMENT de la tabla `registered_generation_people`
--
ALTER TABLE `registered_generation_people`
  MODIFY `id` int(11) NOT NULL AUTO_INCREMENT, AUTO_INCREMENT=659;

--
-- Restricciones para tablas volcadas
--

--
-- Filtros para la tabla `payments`
--
ALTER TABLE `payments`
  ADD CONSTRAINT `payment_to_pass_id_fk` FOREIGN KEY (`payment_to_pass_id`) REFERENCES `person_types` (`id`),
  ADD CONSTRAINT `registered_person_made_pay_id_fk` FOREIGN KEY (`registered_person_made_pay_id`) REFERENCES `registered_generation_people` (`id`),
  ADD CONSTRAINT `user_processed_pay_id_fk` FOREIGN KEY (`user_processed_pay_id`) REFERENCES `users` (`id`);

--
-- Filtros para la tabla `prices`
--
ALTER TABLE `prices`
  ADD CONSTRAINT `prices_person_type_id_fk` FOREIGN KEY (`person_type_id`) REFERENCES `person_types` (`id`);

--
-- Filtros para la tabla `registered_generation_people`
--
ALTER TABLE `registered_generation_people`
  ADD CONSTRAINT `person_type_id_fk` FOREIGN KEY (`person_type_id`) REFERENCES `person_types` (`id`);

--
-- Filtros para la tabla `userroles`
--
ALTER TABLE `userroles`
  ADD CONSTRAINT `role_id_fk` FOREIGN KEY (`role_id`) REFERENCES `roles` (`id`),
  ADD CONSTRAINT `user_id_fk` FOREIGN KEY (`user_id`) REFERENCES `users` (`id`);
COMMIT;

/*!40101 SET CHARACTER_SET_CLIENT=@OLD_CHARACTER_SET_CLIENT */;
/*!40101 SET CHARACTER_SET_RESULTS=@OLD_CHARACTER_SET_RESULTS */;
/*!40101 SET COLLATION_CONNECTION=@OLD_COLLATION_CONNECTION */;
